Date,Open,High,Close,Adj Close,Volume
2017-11-12,1234,0.078832,0.067637,0.067637,214308634.0
2017-11-13,0.068183,0.079276,0.079244,0.079244,162349496.0
2017-11-14,0.078565,0.081071,0.077453,0.077453,173986236.0
2017-11-15,0.07777,0.088193,0.087366,0.087366,185350147.0
2017-11-16,0.087965,0.092942,0.090772,0.090772,223488323.0
2017-11-17,0.090182,0.091046,0.085371,0.085371,181214075.0
2017-11-18,0.085034,0.090012,0.089252,0.089252,107153383.0
2017-11-19,0.088105,0.092407,0.089469,0.089469,93076117.0
2017-11-20,0.089352,0.092965,0.090714,0.090714,139391829.0
2017-11-21,0.091811,0.093843,0.09011,0.09011,197701704.0
2017-11-22,0.090895,0.133159,0.118258,0.118258,1222261079.0
2017-11-23,0.118015,0.145046,0.122063,0.122063,1686596208.0
2017-11-24,0.125266,0.127672,0.123399,0.123399,619924033.0
2017-11-25,0.124339,0.133976,0.133976,0.133976,351218243.0
2017-11-26,0.134035,0.137908,0.131048,0.131048,496046708.0
2017-11-27,0.129308,0.131643,0.128171,0.128171,398813346.0
2017-11-28,0.128387,0.152148,0.152148,0.152148,535649576.0
2017-11-29,0.150236,0.165977,0.133876,0.133876,712817820.0
2017-11-30,0.131777,0.146122,0.134064,0.134064,317208715.0
2017-12-01,0.132236,0.144249,0.13857,0.13857,339200676.0
2017-12-02,0.136873,0.142706,0.138607,0.138607,321142392.0
2017-12-03,0.134962,0.150975,0.14341,0.14341,306528296.0
2017-12-04,0.142325,0.159299,0.158573,0.158573,405991246.0
2017-12-05,0.159261,0.172338,0.159555,0.159555,564505227.0
2017-12-06,0.160526,0.17179,0.17179,0.17179,583774379.0
2017-12-07,0.166553,0.184514,0.175612,0.175612,1017420408.0
2017-12-08,0.176246,0.183744,0.179167,0.179167,760591272.0
2017-12-09,0.17868,0.183495,0.16871,0.16871,423215249.0
2017-12-10,0.168089,0.176799,0.164184,0.164184,361993892.0
2017-12-11,0.165262,0.186247,0.180029,0.180029,451552959.0
2017-12-12,0.179813,0.217705,0.212771,0.212771,1238321840.0
2017-12-13,0.212906,0.250339,0.22305,0.22305,2007675505.0
2017-12-14,0.222315,0.239147,0.238602,0.238602,1507007446.0
2017-12-15,0.23612,0.244036,0.241027,0.241027,1220136266.0
2017-12-16,0.241361,0.400493,0.380146,0.380146,8736136197.0
2017-12-17,0.379086,0.488696,0.383383,0.383383,6369660004.0
2017-12-18,0.380471,0.43737,0.412978,0.412978,2834994960.0
2017-12-19,0.410978,0.429059,0.362905,0.362905,2490629085.0
2017-12-20,0.359927,0.453077,0.427057,0.427057,4347940200.0
2017-12-21,0.431664,0.561311,0.475247,0.475247,10187447540.0
2017-12-22,0.472801,0.488088,0.387499,0.387499,4077046539.0
2017-12-23,0.392676,0.516925,0.464662,0.464662,4489860087.0
2017-12-24,0.466117,0.57277,0.54936,0.54936,9202526182.0
2017-12-25,0.553593,0.68675,0.571659,0.571659,11394355578.0
2017-12-26,0.571955,0.615963,0.602709,0.602709,7968305080.0
2017-12-27,0.598277,0.616147,0.568788,0.568788,4079030805.0
2017-12-28,0.567759,0.567759,0.543683,0.543683,3280480105.0
2017-12-29,0.545433,0.604911,0.599421,0.599421,3987772867.0
2017-12-30,0.597749,0.602915,0.501733,0.501733,3585669399.0
2017-12-31,0.498051,0.591988,0.572657,0.572657,3973826012.0
2018-01-01,0.576442,0.578517,0.56726,0.56726,3223031107.0
2018-01-02,0.564966,0.609017,0.580256,0.580256,5673958891.0
2018-01-03,0.576641,0.608396,0.5918,0.5918,4213218650.0
2018-01-04,0.593454,0.636251,0.611378,0.611378,6909167470.0
2018-01-05,0.612406,0.777889,0.770542,0.770542,13450215897.0
2018-01-06,0.774304,0.999841,0.941267,0.941267,17967797103.0
2018-01-07,0.929222,1.188913,1.082164,1.082164,18250692720.0
2018-01-08,1.083868,1.118333,0.954906,0.954906,14922685580.0
2018-01-09,0.956588,0.988061,0.854391,0.854391,7337709575.0
2018-01-10,0.862922,0.863329,0.833556,0.833556,6377459660.0
2018-01-11,0.828313,0.836807,0.730365,0.730365,3994136960.0
2018-01-12,0.731008,0.848468,0.830368,0.830368,3623374680.0
2018-01-13,0.830425,0.868312,0.828288,0.828288,3554642160.0
2018-01-14,0.830451,0.838706,0.743134,0.743134,4191176400.0
2018-01-15,0.739706,0.749119,0.626019,0.626019,3986236905.0
2018-01-16,0.626418,0.626418,0.436686,0.436686,4359029792.0
2018-01-17,0.436009,0.494478,0.488549,0.488549,3759095256.0
2018-01-18,0.488076,0.557495,0.508896,0.508896,3614431298.0
2018-01-19,0.502716,0.538331,0.502302,0.502302,1936024374.0
2018-01-20,0.507828,0.55195,0.539126,0.539126,1466207062.0
2018-01-21,0.538492,0.538492,0.45511,0.45511,1463590442.0
2018-01-22,0.459413,0.484991,0.43014,0.43014,1275594168.0
2018-01-23,0.429462,0.449449,0.425426,0.425426,1140022125.0
2018-01-24,0.423422,0.459648,0.450842,0.450842,1110686135.0
2018-01-25,0.455407,0.493021,0.486908,0.486908,1354630194.0
2018-01-26,0.489181,0.506921,0.460038,0.460038,1244211111.0
2018-01-27,0.460234,0.479639,0.468684,0.468684,742046253.0
2018-01-28,0.470981,0.488303,0.474522,0.474522,894474399.0
2018-01-29,0.470511,0.478164,0.443028,0.443028,831318429.0
2018-01-30,0.443137,0.444633,0.383588,0.383588,1009703712.0
2018-01-31,0.382114,0.395237,0.381889,0.381889,937513638.0
2018-02-01,0.382602,0.386989,0.321715,0.321715,1199354339.0
2018-02-02,0.321294,0.321294,0.286916,0.286916,1918066444.0
2018-02-03,0.288621,0.35236,0.331123,0.331123,1155320572.0
2018-02-04,0.332277,0.340943,0.282064,0.282064,831097792.0
2018-02-05,0.281922,0.286597,0.226584,0.226584,800945222.0
2018-02-06,0.22729,0.28394,0.279955,0.279955,1228730220.0
2018-02-07,0.276966,0.308374,0.276164,0.276164,834873727.0
2018-02-08,0.273983,0.313055,0.293556,0.293556,608355697.0
2018-02-09,0.293151,0.322406,0.32171,0.32171,719971034.0
2018-02-10,0.320524,0.350051,0.321022,0.321022,1075591082.0
2018-02-11,0.319665,0.333444,0.318893,0.318893,727672532.0
2018-02-12,0.31941,0.354015,0.351692,0.351692,714958761.0
2018-02-13,0.351856,0.364872,0.362267,0.362267,909259722.0
2018-02-14,0.361813,0.435008,0.431379,0.431379,2597603703.0
2018-02-15,0.430532,0.508097,0.46942,0.46942,2764839750.0
2018-02-16,0.466107,0.478192,0.451844,0.451844,1705822536.0
2018-02-17,0.453786,0.470383,0.452855,0.452855,1177718344.0
2018-02-18,0.457006,0.458947,0.412709,0.412709,982325960.0
2018-02-19,0.411769,0.44571,0.430194,0.430194,836353408.0
2018-02-20,0.429067,0.537318,0.460075,0.460075,6998028350.0
2018-02-21,0.459598,0.479367,0.426445,0.426445,2385488880.0
2018-02-22,0.425585,0.446908,0.406632,0.406632,1323146535.0
2018-02-23,0.406255,0.450004,0.430118,0.430118,1254565350.0
2018-02-24,0.431304,0.446307,0.409182,0.409182,1014968310.0
2018-02-25,0.408993,0.414785,0.397411,0.397411,760794360.0
2018-02-26,0.399109,0.42102,0.410508,0.410508,781562536.0
2018-02-27,0.41205,0.426621,0.408356,0.408356,792025329.0
2018-02-28,0.406987,0.420008,0.392391,0.392391,862439520.0
2018-03-01,0.393941,0.412163,0.405341,0.405341,1012110048.0
2018-03-02,0.402681,0.406475,0.357459,0.357459,1467101101.0
2018-03-03,0.35824,0.375349,0.345665,0.345665,1404949450.0
2018-03-04,0.341341,0.35877,0.35877,0.35877,791225535.0
2018-03-05,0.356164,0.360041,0.339244,0.339244,886073054.0
2018-03-06,0.333049,0.333933,0.299179,0.299179,958297976.0
2018-03-07,0.299696,0.305291,0.261052,0.261052,1140771385.0
2018-03-08,0.260447,0.287548,0.262022,0.262022,1009010940.0
2018-03-09,0.260807,0.26997,0.26997,0.26997,887220928.0
2018-03-10,0.269402,0.285168,0.258708,0.258708,643420765.0
2018-03-11,0.257828,0.28129,0.274127,0.274127,602453773.0
2018-03-12,0.273938,0.278244,0.261971,0.261971,493945470.0
2018-03-13,0.261203,0.274593,0.256819,0.256819,389525416.0
2018-03-14,0.256449,0.260536,0.228434,0.228434,488322250.0
2018-03-15,0.228273,0.235158,0.229762,0.229762,605401765.0
2018-03-16,0.230154,0.23747,0.22811,0.22811,416334008.0
2018-03-17,0.227744,0.230672,0.214349,0.214349,404897528.0
2018-03-18,0.213156,0.213156,0.207301,0.207301,586744058.0
2018-03-19,0.207859,0.228514,0.224324,0.224324,539867721.0
2018-03-20,0.22602,0.243004,0.238144,0.238144,433000654.0
2018-03-21,0.238187,0.249961,0.23843,0.23843,437362387.0
2018-03-22,0.238908,0.242679,0.229681,0.229681,339202248.0
2018-03-23,0.22997,0.231305,0.231305,0.231305,401480879.0
2018-03-24,0.233745,0.242166,0.233294,0.233294,289890076.0
2018-03-25,0.230657,0.23236,0.227768,0.227768,225892573.0
2018-03-26,0.227291,0.229743,0.213217,0.213217,392938192.0
2018-03-27,0.212319,0.212778,0.204229,0.204229,339980382.0
2018-03-28,0.203543,0.211457,0.204612,0.204612,320031133.0
2018-03-29,0.206568,0.207009,0.184041,0.184041,366605111.0
2018-03-30,0.183055,0.188159,0.179904,0.179904,350190228.0
2018-03-31,0.179151,0.188603,0.18357,0.18357,228211201.0
2018-04-01,0.183502,0.186806,0.177013,0.177013,219669420.0
2018-04-02,0.177823,0.183202,0.182155,0.182155,327814080.0
2018-04-03,0.181952,0.194502,0.193642,0.193642,430109019.0
2018-04-04,0.193822,0.195387,0.180179,0.180179,346679460.0
2018-04-05,0.181129,0.18142,0.176056,0.176056,313315252.0
2018-04-06,0.176143,0.177577,0.173337,0.173337,184910987.0
2018-04-07,0.174111,0.185976,0.181886,0.181886,196981562.0
2018-04-08,0.180889,0.188726,0.184551,0.184551,239112046.0
2018-04-09,0.185362,0.190293,0.179439,0.179439,313529887.0
2018-04-10,0.179194,0.199536,0.197585,0.197585,663173774.0
2018-04-11,0.197333,0.228317,0.221633,0.221633,1650455562.0
2018-04-12,0.220166,0.247944,0.247944,0.247944,905936256.0
2018-04-13,0.246877,0.280207,0.260666,0.260666,1184313600.0
2018-04-14,0.258243,0.275253,0.270819,0.270819,886479975.0
2018-04-15,0.269815,0.301088,0.298271,0.298271,774354375.0
2018-04-16,0.299353,0.32101,0.300103,0.300103,1457964396.0
2018-04-17,0.300325,0.319637,0.311508,0.311508,1125550965.0
2018-04-18,0.309461,0.359309,0.355627,0.355627,1427234342.0
2018-04-19,0.354609,0.383559,0.383559,0.383559,1779043250.0
2018-04-20,0.384254,0.392398,0.390093,0.390093,1529928340.0
2018-04-21,0.389117,0.389699,0.358357,0.358357,1655470020.0
2018-04-22,0.360276,0.382156,0.366665,0.366665,1221846780.0
2018-04-23,0.367109,0.379609,0.364646,0.364646,2233495476.0
2018-04-24,0.365106,0.392267,0.38513,0.38513,2432696800.0
2018-04-25,0.390339,0.392997,0.340781,0.340781,2560645700.0
2018-04-26,0.343137,0.379186,0.375858,0.375858,2762761160.0
2018-04-27,0.372924,0.383118,0.361128,0.361128,2595778378.0
2018-04-28,0.357291,0.374477,0.356846,0.356846,2392404726.0
2018-04-29,0.364361,0.370217,0.363629,0.363629,2523439918.0
2018-04-30,0.360028,0.368646,0.346233,0.346233,2419564110.0
2018-05-01,0.350313,0.350313,0.343586,0.343586,778604425.0
2018-05-02,0.341589,0.361088,0.351596,0.351596,3331226112.0
2018-05-03,0.355697,0.376857,0.376028,0.376028,3365323434.0
2018-05-04,0.368812,0.370284,0.351991,0.351991,964348902.0
2018-05-05,0.351873,0.357224,0.346106,0.346106,2026734798.0
2018-05-06,0.347548,0.351373,0.332016,0.332016,2234587389.0
2018-05-07,0.331773,0.336895,0.323394,0.323394,1738096395.0
2018-05-08,0.324451,0.35953,0.356155,0.356155,2730732316.0
2018-05-09,0.354151,0.35753,0.342958,0.342958,2260253093.0
2018-05-10,0.324913,0.356111,0.327452,0.327452,2345230340.0
2018-05-11,0.33862,0.33862,0.293927,0.293927,1858804892.0
2018-05-12,0.29987,0.314597,0.301466,0.301466,1849815066.0
2018-05-13,0.290233,0.311465,0.291714,0.291714,1335905665.0
2018-05-14,0.30321,0.307201,0.30127,0.30127,837599735.0
2018-05-15,0.300144,0.325897,0.307339,0.307339,1434704583.0
2018-05-16,0.304566,0.309738,0.297195,0.297195,651380165.0
2018-05-17,0.296051,0.303592,0.283798,0.283798,1173196640.0
2018-05-18,0.270778,0.297221,0.273102,0.273102,926091670.0
2018-05-19,0.286669,0.301048,0.291365,0.291365,1020278089.0
2018-05-20,0.288953,0.304302,0.30068,0.30068,1081634552.0
2018-05-21,0.298935,0.301051,0.290893,0.290893,1256935995.0
2018-05-22,0.286864,0.291557,0.261911,0.261911,694089657.0
2018-05-23,0.262387,0.29153,0.245277,0.245277,1017757521.0
2018-05-24,0.245245,0.253659,0.238854,0.238854,714013252.0
2018-05-25,0.237155,0.244466,0.238016,0.238016,718859128.0
2018-05-26,0.240473,0.241745,0.234521,0.234521,430333392.0
2018-05-27,0.234621,0.235679,0.231899,0.231899,236707545.0
2018-05-28,0.232543,0.233464,0.217387,0.217387,505651206.0
2018-05-29,0.217416,0.233768,0.233103,0.233103,627057827.0
2018-05-30,0.23382,0.237436,0.226129,0.226129,503291451.0
2018-05-31,0.231211,0.236571,0.229098,0.229098,604830214.0
2018-06-01,0.231072,0.232578,0.229321,0.229321,364209892.0
2018-06-02,0.228989,0.240117,0.238344,0.238344,396479645.0
2018-06-03,0.239572,0.251221,0.247213,0.247213,1311007698.0
2018-06-04,0.247262,0.251872,0.23687,0.23687,1486197132.0
2018-06-05,0.237237,0.249825,0.245142,0.245142,1262613673.0
2018-06-06,0.245223,0.254131,0.253073,0.253073,1421721371.0
2018-06-07,0.250484,0.257216,0.251561,0.251561,411923635.0
2018-06-08,0.252492,0.25506,0.247031,0.247031,467315373.0
2018-06-09,0.247006,0.250573,0.242624,0.242624,315514883.0
2018-06-10,0.242736,0.242736,0.214875,0.214875,502317066.0
2018-06-11,0.214718,0.219078,0.218197,0.218197,326654736.0
2018-06-12,0.218416,0.220577,0.208444,0.208444,335033618.0
2018-06-13,0.208604,0.210216,0.190529,0.190529,749106236.0
2018-06-14,0.190442,0.204135,0.199252,0.199252,667993478.0
2018-06-15,0.199856,0.202779,0.197427,0.197427,825207708.0
2018-06-16,0.196795,0.201144,0.197006,0.197006,452049213.0
2018-06-17,0.197793,0.200422,0.195494,0.195494,425591470.0
2018-06-18,0.198418,0.209761,0.205961,0.205961,554003666.0
2018-06-19,0.205939,0.209983,0.207193,0.207193,304658742.0
2018-06-20,0.2073,0.207338,0.205547,0.205547,220868524.0
2018-06-21,0.205591,0.206247,0.202989,0.202989,268498880.0
2018-06-22,0.202653,0.204098,0.181018,0.181018,630549691.0
2018-06-23,0.181223,0.184194,0.179207,0.179207,674422538.0
2018-06-24,0.178811,0.183949,0.170317,0.170317,670429656.0
2018-06-25,0.168968,0.174839,0.169278,0.169278,387795864.0
2018-06-26,0.170335,0.175702,0.169391,0.169391,278236821.0
2018-06-27,0.169801,0.171771,0.167272,0.167272,395678029.0
2018-06-28,0.165092,0.172197,0.162227,0.162227,253160181.0
2018-06-29,0.165795,0.170857,0.16614,0.16614,262326411.0
2018-06-30,0.166644,0.17396,0.171072,0.171072,419112505.0
2018-07-01,0.171689,0.174795,0.170385,0.170385,577377803.0
2018-07-02,0.170195,0.186978,0.185733,0.185733,399397488.0
2018-07-03,0.185443,0.190443,0.180823,0.180823,386837820.0
2018-07-04,0.180754,0.187113,0.184087,0.184087,328406338.0
2018-07-05,0.184027,0.18512,0.178995,0.178995,261173635.0
2018-07-06,0.179722,0.180357,0.178645,0.178645,296320912.0
2018-07-07,0.178939,0.182072,0.181951,0.181951,289325328.0
2018-07-08,0.181785,0.183793,0.179608,0.179608,344330240.0
2018-07-09,0.179696,0.181913,0.178753,0.178753,290674856.0
2018-07-10,0.178949,0.180069,0.165789,0.165789,463477437.0
2018-07-11,0.165403,0.170099,0.166662,0.166662,672724971.0
2018-07-12,0.164576,0.16667,0.157921,0.157921,289040384.0
2018-07-13,0.157993,0.161513,0.159753,0.159753,424083916.0
2018-07-14,0.157769,0.16331,0.161768,0.161768,286284775.0
2018-07-15,0.162329,0.165385,0.163018,0.163018,265046711.0
2018-07-16,0.162071,0.196637,0.195647,0.195647,1067592748.0
2018-07-17,0.192739,0.223133,0.22085,0.22085,1055665864.0
2018-07-18,0.220474,0.296021,0.254746,0.254746,2695482806.0
2018-07-19,0.252717,0.272924,0.265265,0.265265,1749375896.0
2018-07-20,0.264245,0.264753,0.234369,0.234369,1238370267.0
2018-07-21,0.237103,0.242693,0.224749,0.224749,917057517.0
2018-07-22,0.229515,0.246213,0.237677,0.237677,780552864.0
2018-07-23,0.238386,0.250027,0.23619,0.23619,576384929.0
2018-07-24,0.237214,0.252864,0.249538,0.249538,746585227.0
2018-07-25,0.247672,0.252362,0.243473,0.243473,906867610.0
2018-07-26,0.242601,0.250519,0.232959,0.232959,474848875.0
2018-07-27,0.232612,0.237438,0.23445,0.23445,349197324.0
2018-07-28,0.233816,0.238067,0.233235,0.233235,229225528.0
2018-07-29,0.234172,0.238504,0.226874,0.226874,404090358.0
2018-07-30,0.227253,0.229942,0.224503,0.224503,942028920.0
2018-07-31,0.228083,0.228083,0.201566,0.201566,975658920.0
2018-08-01,0.206575,0.21592,0.21592,0.21592,1013461698.0
2018-08-02,0.210516,0.216189,0.20215,0.20215,476376509.0
2018-08-03,0.203076,0.203526,0.199983,0.199983,654347953.0
2018-08-04,0.198486,0.203239,0.188157,0.188157,546956739.0
2018-08-05,0.190718,0.199812,0.19446,0.19446,780273068.0
2018-08-06,0.196858,0.199392,0.191231,0.191231,390061183.0
2018-08-07,0.190913,0.194317,0.183287,0.183287,392885182.0
2018-08-08,0.183149,0.183149,0.165757,0.165757,334946096.0
2018-08-09,0.165326,0.178263,0.175686,0.175686,506963187.0
2018-08-10,0.175619,0.179747,0.164776,0.164776,323297282.0
2018-08-11,0.163977,0.169464,0.165572,0.165572,350201007.0
2018-08-12,0.165017,0.168059,0.165612,0.165612,236546957.0
2018-08-13,0.165801,0.171129,0.163233,0.163233,348751016.0
2018-08-14,0.162464,0.162756,0.158104,0.158104,525492380.0
2018-08-15,0.157793,0.168657,0.161035,0.161035,376104946.0
2018-08-16,0.160728,0.166104,0.1606,0.1606,410694730.0
2018-08-17,0.162289,0.173704,0.172058,0.172058,366846855.0
2018-08-18,0.173619,0.175123,0.167811,0.167811,472332305.0
2018-08-19,0.169147,0.173359,0.173359,0.173359,186796859.0
2018-08-20,0.172732,0.1742,0.165353,0.165353,169227817.0
2018-08-21,0.165065,0.169777,0.169349,0.169349,149071775.0
2018-08-22,0.169231,0.175836,0.161694,0.161694,416527675.0
2018-08-23,0.161715,0.16806,0.167211,0.167211,181997826.0
2018-08-24,0.167578,0.170406,0.169731,0.169731,227503624.0
2018-08-25,0.169538,0.170653,0.165816,0.165816,281850650.0
2018-08-26,0.165649,0.168825,0.168217,0.168217,203739611.0
2018-08-27,0.168173,0.17314,0.172723,0.172723,253885186.0
2018-08-28,0.173623,0.183543,0.182712,0.182712,365551591.0
2018-08-29,0.182698,0.18477,0.183769,0.183769,323619852.0
2018-08-30,0.183212,0.231072,0.226826,0.226826,2402860950.0
2018-08-31,0.227471,0.344258,0.340363,0.340363,5477685500.0
2018-09-01,0.336616,0.479436,0.445718,0.445718,13761646000.0
2018-09-02,0.448001,0.465328,0.354935,0.354935,9899459000.0
2018-09-03,0.356833,0.394081,0.375026,0.375026,4070278148.0
2018-09-04,0.375908,0.381039,0.377131,0.377131,2325999258.0
2018-09-05,0.376448,0.387022,0.353779,0.353779,3625958000.0
2018-09-06,0.353411,0.366284,0.360393,0.360393,2336704722.0
2018-09-07,0.359445,0.390622,0.380956,0.380956,2700270286.0
2018-09-08,0.38027,0.420494,0.408552,0.408552,3463262974.0
2018-09-09,0.409865,0.419418,0.4184,0.4184,2338018160.0
2018-09-10,0.419173,0.502305,0.499354,0.499354,5570796420.0
2018-09-11,0.502176,0.502176,0.459667,0.459667,6528195027.0
2018-09-12,0.459419,0.465849,0.465756,0.465756,4316308815.0
2018-09-13,0.466683,0.476853,0.472081,0.472081,3297715043.0
2018-09-14,0.472373,0.479533,0.444144,0.444144,3012071700.0
2018-09-15,0.444673,0.450383,0.443098,0.443098,1218656468.0
2018-09-16,0.444928,0.469383,0.469383,0.469383,1552291382.0
2018-09-17,0.470031,0.470528,0.452783,0.452783,1913769327.0
2018-09-18,0.4519,0.455,0.434799,0.434799,2885426650.0
2018-09-19,0.435046,0.438417,0.40581,0.40581,2795987455.0
2018-09-20,0.405556,0.426897,0.408473,0.408473,1818556483.0
2018-09-21,0.408489,0.430541,0.410457,0.410457,1613665878.0
2018-09-22,0.410352,0.420173,0.415938,0.415938,1077587741.0
2018-09-23,0.416439,0.426686,0.426279,0.426279,899025784.0
2018-09-24,0.426524,0.43823,0.412689,0.412689,1253439616.0
2018-09-25,0.412897,0.420778,0.413212,0.413212,1279038356.0
2018-09-26,0.413696,0.417724,0.41238,0.41238,845355440.0
2018-09-27,0.412883,0.428803,0.426897,0.426897,1096225625.0
2018-09-28,0.425829,0.432758,0.422801,0.422801,1048682889.0
2018-09-29,0.422909,0.427631,0.425268,0.425268,1133177364.0
2018-09-30,0.425461,0.428451,0.42825,0.42825,971442935.0
2018-10-01,0.427916,0.43848,0.43593,0.43593,1474409261.0
2018-10-02,0.434869,0.437969,0.426997,0.426997,1125989875.0
2018-10-03,0.426242,0.424818,0.421306,0.421306,1176885794.0
2018-10-04,0.421873,0.422986,0.415664,0.415664,1069811319.0
2018-10-05,0.41578,0.42259,0.420066,0.420066,931155418.0
2018-10-06,0.421338,0.425597,0.410828,0.410828,967281979.0
2018-10-07,0.411875,0.411242,0.410993,0.410993,573066069.0
2018-10-08,0.411803,0.418593,0.412146,0.412146,899717486.0
2018-10-09,0.413285,0.419138,0.418914,0.418914,668777752.0
2018-10-10,0.418412,0.419794,0.412217,0.412217,762874746.0
2018-10-11,0.41189,0.411835,0.37109,0.37109,1393000330.0
2018-10-12,0.369743,0.389829,0.386627,0.386627,710008801.0
2018-10-13,0.386463,0.387997,0.381825,0.381825,596497732.0
2018-10-14,0.381257,0.384376,0.380092,0.380092,584388130.0
2018-10-15,0.379732,0.403769,0.384926,0.384926,1370644840.0
2018-10-16,0.385224,0.385168,0.368601,0.368601,866496167.0
2018-10-17,0.368041,0.369112,0.338207,0.338207,1775597568.0
2018-10-18,0.338647,0.348037,0.322459,0.322459,1679371993.0
2018-10-19,0.322681,0.335252,0.328441,0.328441,1269232175.0
2018-10-20,0.330689,0.334427,0.334409,0.334409,556545381.0
2018-10-21,0.334486,0.337673,0.331913,0.331913,552612826.0
2018-10-22,0.331193,0.33272,0.321634,0.321634,781148740.0
2018-10-23,0.322189,0.32362,0.305495,0.305495,945643074.0
2018-10-24,0.304792,0.306143,0.286429,0.286429,1305868226.0
2018-10-25,0.286486,0.287063,0.272202,0.272202,903375061.0
2018-10-26,0.271177,0.292679,0.291364,0.291364,1185714552.0
2018-10-27,0.293329,0.311186,0.306786,0.306786,1703050161.0
2018-10-28,0.306297,0.306297,0.297147,0.297147,855291892.0
2018-10-29,0.296034,0.298484,0.283213,0.283213,1034382807.0
2018-10-30,0.283885,0.287338,0.283618,0.283618,871316777.0
2018-10-31,0.282519,0.285294,0.278845,0.278845,1057453343.0
2018-11-01,0.278511,0.291806,0.276911,0.276911,735694617.0
2018-11-02,0.277028,0.278852,0.27514,0.27514,825649678.0
2018-11-03,0.275325,0.276066,0.272225,0.272225,569845129.0
2018-11-04,0.273335,0.276225,0.268113,0.268113,655917225.0
2018-11-05,0.267271,0.27289,0.263933,0.263933,848534767.0
2018-11-06,0.264668,0.272734,0.270132,0.270132,1136740322.0
2018-11-07,0.270289,0.271525,0.263297,0.263297,767541610.0
2018-11-08,0.263264,0.264921,0.246713,0.246713,986758567.0
2018-11-09,0.245598,0.245951,0.227592,0.227592,1351317098.0
2018-11-10,0.227237,0.242622,0.238064,0.238064,1159455294.0
2018-11-11,0.237585,0.23815,0.229364,0.229364,594964006.0
2018-11-12,0.22956,0.230015,0.223485,0.223485,758549107.0
2018-11-13,0.223599,0.225104,0.21373,0.21373,530430791.0
2018-11-14,0.213883,0.214341,0.195094,0.195094,1111604336.0
2018-11-15,0.195647,0.202445,0.201351,0.201351,1637676285.0
2018-11-16,0.201555,0.202253,0.197122,0.197122,1777316494.0
2018-11-17,0.197124,0.198913,0.18679,0.18679,1334045943.0
2018-11-18,0.186907,0.189842,0.189743,0.189743,829575807.0
2018-11-19,0.18961,0.195548,0.173347,0.173347,1181695005.0
2018-11-20,0.173119,0.174501,0.161026,0.161026,1470555059.0
2018-11-21,0.161848,0.178092,0.174242,0.174242,2019084944.0
2018-11-22,0.174672,0.176407,0.170877,0.170877,939702236.0
2018-11-23,0.170583,0.171342,0.166844,0.166844,800197897.0
2018-11-24,0.167076,0.168946,0.156967,0.156967,798786204.0
2018-11-25,0.157412,0.1597,0.156829,0.156829,833200671.0
2018-11-26,0.156709,0.15932,0.148617,0.148617,849224796.0
2018-11-27,0.148399,0.149264,0.147949,0.147949,832170156.0
2018-11-28,0.148078,0.16207,0.158607,0.158607,1036272875.0
2018-11-29,0.158959,0.159209,0.156722,0.156722,898567779.0
2018-11-30,0.156688,0.157061,0.150924,0.150924,787114274.0
2018-12-01,0.151669,0.158898,0.156711,0.156711,668385804.0
2018-12-02,0.156869,0.158318,0.156685,0.156685,652106261.0
2018-12-03,0.156801,0.168122,0.167142,0.167142,879774349.0
2018-12-04,0.167047,0.167732,0.155118,0.155118,1261057793.0
2018-12-05,0.154968,0.159504,0.154043,0.154043,1457923284.0
2018-12-06,0.153899,0.157164,0.147976,0.147976,1747524466.0
2018-12-07,0.148442,0.151446,0.150176,0.150176,1981505258.0
2018-12-08,0.1496,0.153966,0.151326,0.151326,1337700802.0
2018-12-09,0.1508,0.152999,0.150037,0.150037,1210660939.0
2018-12-10,0.149745,0.150956,0.152287,0.152287,1152909791.0
2018-12-11,0.152043,0.151641,0.151055,0.151055,1164334390.0
2018-12-12,0.151077,0.153824,0.151653,0.151653,1333638251.0
2018-12-13,0.152171,0.151665,0.14773,0.14773,1263258437.0
2018-12-14,0.147826,0.149638,0.148975,0.148975,1163186795.0
2018-12-15,0.148992,0.15265,0.152092,0.152092,977202629.0
2018-12-16,0.151545,0.154354,0.152861,0.152861,1156827470.0
2018-12-17,0.152845,0.194466,0.181375,0.181375,2765934407.0
2018-12-18,0.181561,0.189362,0.189181,0.189181,2808401982.0
2018-12-19,0.188528,0.194783,0.192263,0.192263,2111943173.0
2018-12-20,0.191363,0.194149,0.191435,0.191435,1662022866.0
2018-12-21,0.190814,0.192104,0.178485,0.178485,1571142441.0
2018-12-22,0.178085,0.179618,0.175518,0.175518,1294740812.0
2018-12-23,0.175531,0.181577,0.178317,0.178317,1405720048.0
2018-12-24,0.178838,0.184376,0.178122,0.178122,1720548135.0
2018-12-25,0.179125,0.179125,0.168587,0.168587,1356236540.0
2018-12-26,0.168471,0.175128,0.173564,0.173564,1226151066.0
2018-12-27,0.173795,0.174228,0.165455,0.165455,1345649139.0
2018-12-28,0.165322,0.171108,0.170201,0.170201,1359337122.0
2018-12-29,0.17057,0.171025,0.168052,0.168052,1187679327.0
2018-12-30,0.166394,0.167667,0.165509,0.165509,1177727539.0
2018-12-31,0.165716,0.167432,0.163176,0.163176,1302664761.0
2019-01-01,0.163238,0.166827,0.166827,0.166827,1211017229.0
2019-01-02,0.166548,0.171117,0.168446,0.168446,1260987391.0
2019-01-03,0.168254,0.169383,0.165433,0.165433,1235301951.0
2019-01-04,0.16576,0.167527,0.160979,0.160979,1357927846.0
2019-01-05,0.161314,0.163402,0.161264,0.161264,1192392632.0
2019-01-06,0.160837,0.164873,0.161877,0.161877,1263817219.0
2019-01-07,0.161885,0.162141,0.159543,0.159543,1110147941.0
2019-01-08,0.160482,0.162071,0.159613,0.159613,1472443412.0
2019-01-09,0.159745,0.162289,0.159889,0.159889,1200290362.0
2019-01-10,0.159695,0.161987,0.150136,0.150136,1491091353.0
2019-01-11,0.149959,0.151495,0.149829,0.149829,1209681146.0
2019-01-12,0.149943,0.151852,0.151195,0.151195,997084560.0
2019-01-13,0.150381,0.1528,0.147384,0.147384,1270995231.0
2019-01-14,0.147939,0.155624,0.154531,0.154531,1312146419.0
2019-01-15,0.154176,0.154859,0.150062,0.150062,1136669299.0
2019-01-16,0.149864,0.152184,0.151927,0.151927,970640352.0
2019-01-17,0.151577,0.152566,0.148738,0.148738,986195481.0
2019-01-18,0.148678,0.15082,0.150074,0.150074,888631587.0
2019-01-19,0.149931,0.153914,0.153439,0.153439,1146360623.0
2019-01-20,0.153421,0.153437,0.150943,0.150943,1152523641.0
2019-01-21,0.15001,0.151149,0.149558,0.149558,1224975528.0
2019-01-22,0.149447,0.150361,0.146552,0.146552,1351557456.0
2019-01-23,0.146386,0.147461,0.145376,0.145376,1115253580.0
2019-01-24,0.145535,0.147434,0.144776,0.144776,1123685195.0
2019-01-25,0.146077,0.15474,0.150351,0.150351,1132432315.0
2019-01-26,0.148636,0.152724,0.14782,0.14782,1106426248.0
2019-01-27,0.147752,0.148768,0.143923,0.143923,1152343236.0
2019-01-28,0.143789,0.143975,0.138187,0.138187,1156452826.0
2019-01-29,0.138435,0.140478,0.137659,0.137659,1057902686.0
2019-01-30,0.13751,0.139716,0.139498,0.139498,840250642.0
2019-01-31,0.139639,0.141012,0.136596,0.136596,980955246.0
2019-02-01,0.136647,0.137754,0.136962,0.136962,1244336890.0
2019-02-02,0.136806,0.139789,0.13834,0.13834,942246544.0
2019-02-03,0.13804,0.139866,0.136044,0.136044,1097277842.0
2019-02-04,0.136056,0.138365,0.13592,0.13592,944160456.0
2019-02-05,0.136153,0.137161,0.135017,0.135017,1000156705.0
2019-02-06,0.134914,0.136211,0.133484,0.133484,1090932824.0
2019-02-07,0.133723,0.135343,0.131543,0.131543,1014485955.0
2019-02-08,0.131718,0.139375,0.139212,0.139212,1277752654.0
2019-02-09,0.138936,0.142041,0.138715,0.138715,1028655461.0
2019-02-10,0.138851,0.138962,0.138452,0.138452,1126340394.0
2019-02-11,0.138491,0.138491,0.135739,0.135739,1084260041.0
2019-02-12,0.135663,0.134817,0.13363,0.13363,1197360157.0
2019-02-13,0.133614,0.134964,0.134198,0.134198,1094343543.0
2019-02-14,0.134033,0.135543,0.13471,0.13471,1198776584.0
2019-02-15,0.134665,0.136642,0.136073,0.136073,1052488012.0
2019-02-16,0.136018,0.137592,0.137242,0.137242,1023692023.0
2019-02-17,0.137196,0.142185,0.142122,0.142122,1370170581.0
2019-02-18,0.142131,0.151699,0.15089,0.15089,1888724783.0
2019-02-19,0.151024,0.152661,0.147387,0.147387,1916669661.0
2019-02-20,0.14724,0.147855,0.147729,0.147729,1490539490.0
2019-02-21,0.146827,0.147691,0.144403,0.144403,1303479017.0
2019-02-22,0.144503,0.147095,0.146045,0.146045,1410066576.0
2019-02-23,0.146008,0.149941,0.148,0.148,1455302389.0
2019-02-24,0.148345,0.150946,0.140204,0.140204,1788240279.0
2019-02-25,0.140143,0.144813,0.143785,0.143785,1485105629.0
2019-02-26,0.143725,0.145209,0.143506,0.143506,1368739497.0
2019-02-27,0.143567,0.144936,0.143741,0.143741,1389398798.0
2019-02-28,0.143675,0.144159,0.139942,0.139942,1288251595.0
2019-03-01,0.139968,0.143261,0.141607,0.141607,1333188472.0
2019-03-02,0.141451,0.142945,0.14219,0.14219,1230469085.0
2019-03-03,0.142121,0.143715,0.141952,0.141952,1118533107.0
2019-03-04,0.142251,0.142716,0.140561,0.140561,1187354813.0
2019-03-05,0.140458,0.141374,0.139962,0.139962,1369162126.0
2019-03-06,0.139961,0.140429,0.13897,0.13897,1217687260.0
2019-03-07,0.13888,0.141424,0.139774,0.139774,1262040047.0
2019-03-08,0.139865,0.140015,0.138659,0.138659,1228949286.0
2019-03-09,0.1388,0.141026,0.139877,0.139877,1214495515.0
2019-03-10,0.140038,0.14028,0.139923,0.139923,1021769621.0
2019-03-11,0.140052,0.140425,0.137207,0.137207,1410817660.0
2019-03-12,0.137427,0.141244,0.140066,0.140066,1449408262.0
2019-03-13,0.140268,0.142856,0.140933,0.140933,1208570308.0
2019-03-14,0.140747,0.14171,0.141371,0.141371,878894483.0
2019-03-15,0.141547,0.141931,0.141257,0.141257,997880365.0
2019-03-16,0.141166,0.144733,0.14327,0.14327,1190484854.0
2019-03-17,0.143506,0.144168,0.143499,0.143499,1219474680.0
2019-03-18,0.1432,0.143603,0.142951,0.142951,1506956776.0
2019-03-19,0.142943,0.144522,0.144321,0.144321,1418253864.0
2019-03-20,0.143862,0.144361,0.141854,0.141854,1232991165.0
2019-03-21,0.14215,0.142692,0.141032,0.141032,1302195836.0
2019-03-22,0.140851,0.143463,0.141957,0.141957,1192736227.0
2019-03-23,0.142292,0.143871,0.142781,0.142781,1087689650.0
2019-03-24,0.142626,0.1439,0.142053,0.142053,1144200299.0
2019-03-25,0.142328,0.142872,0.140858,0.140858,1210182249.0
2019-03-26,0.140667,0.142277,0.141843,0.141843,1336574206.0
2019-03-27,0.141535,0.144271,0.144015,0.144015,1602110355.0
2019-03-28,0.14419,0.144357,0.143479,0.143479,1422473943.0
2019-03-29,0.143608,0.145942,0.144953,0.144953,1498652057.0
2019-03-30,0.145183,0.150384,0.144468,0.144468,1334136025.0
2019-03-31,0.144478,0.145847,0.144342,0.144342,1303310036.0
2019-04-01,0.14447,0.175233,0.170322,0.170322,3399121228.0
2019-04-02,0.170164,0.197354,0.19262,0.19262,4155775196.0
2019-04-03,0.19137,0.251766,0.217915,0.217915,6188482154.0
2019-04-04,0.217507,0.282572,0.255022,0.255022,11356570278.0
2019-04-05,0.253759,0.259013,0.248514,0.248514,4384477881.0
2019-04-06,0.248823,0.248823,0.238086,0.238086,3208428303.0
2019-04-07,0.238127,0.243476,0.236394,0.236394,3474078374.0
2019-04-08,0.237118,0.23772,0.211786,0.211786,4326451716.0
2019-04-09,0.211758,0.213591,0.199774,0.199774,3685987045.0
2019-04-10,0.1996,0.213006,0.208937,0.208937,3507212493.0
2019-04-11,0.208732,0.20959,0.19251,0.19251,3166728990.0
2019-04-12,0.192646,0.198808,0.197494,0.197494,2965558438.0
2019-04-13,0.197259,0.200989,0.198658,0.198658,2411756239.0
2019-04-14,0.19873,0.200793,0.199347,0.199347,2123078337.0
2019-04-15,0.199509,0.202196,0.193798,0.193798,2547187442.0
2019-04-16,0.193801,0.198598,0.197121,0.197121,2221256597.0
2019-04-17,0.197245,0.198903,0.195079,0.195079,2223650581.0
2019-04-18,0.195479,0.205373,0.204412,0.204412,2955385229.0
2019-04-19,0.204354,0.204587,0.200732,0.200732,2502157481.0
2019-04-20,0.200642,0.201433,0.20136,0.20136,2466285535.0
2019-04-21,0.201255,0.201636,0.191432,0.191432,2572095784.0
2019-04-22,0.191346,0.196781,0.195029,0.195029,2532540968.0
2019-04-23,0.19541,0.199081,0.193431,0.193431,2599683454.0
2019-04-24,0.193605,0.19387,0.182212,0.182212,3030623038.0
2019-04-25,0.181891,0.183696,0.175827,0.175827,2345226739.0
2019-04-26,0.175377,0.176424,0.175987,0.175987,2310040118.0
2019-04-27,0.175704,0.177785,0.175762,0.175762,1899598136.0
2019-04-28,0.176003,0.179021,0.176816,0.176816,1788229151.0
2019-04-29,0.176543,0.178138,0.17221,0.17221,2302321988.0
2019-04-30,0.172404,0.17522,0.1748,0.1748,2417645359.0
2019-05-01,0.17463,0.177617,0.175584,0.175584,2111348615.0
2019-05-02,0.175858,0.184444,0.181321,0.181321,2395922300.0
2019-05-03,0.181248,0.190929,0.188214,0.188214,2834207194.0
2019-05-04,0.186642,0.192516,0.185369,0.185369,2754313230.0
2019-05-05,0.187372,0.187372,0.183521,0.183521,2294073365.0
2019-05-06,0.182147,0.184051,0.176449,0.176449,2569624817.0
2019-05-07,0.176554,0.182573,0.176591,0.176591,2655617817.0
2019-05-08,0.176413,0.17886,0.17687,0.17687,2245033050.0
2019-05-09,0.176843,0.178064,0.175478,0.175478,2156562122.0
2019-05-10,0.175734,0.179065,0.17634,0.17634,2271451844.0
2019-05-11,0.175867,0.195733,0.192587,0.192587,3393255978.0
2019-05-12,0.192809,0.197231,0.186393,0.186393,3117388263.0
2019-05-13,0.186196,0.199181,0.194595,0.194595,3319497633.0
2019-05-14,0.194732,0.22486,0.215717,0.215717,4108868097.0
2019-05-15,0.216084,0.232891,0.232286,0.232286,4049769751.0
2019-05-16,0.232409,0.247602,0.222536,0.222536,4785348050.0
2019-05-17,0.222578,0.223778,0.208387,0.208387,4677818326.0
2019-05-18,0.208633,0.214872,0.211426,0.211426,3858565000.0
2019-05-19,0.211798,0.224601,0.223421,0.223421,4490571860.0
2019-05-20,0.223442,0.223925,0.212418,0.212418,3942168760.0
2019-05-21,0.212458,0.216761,0.214954,0.214954,3819728141.0
2019-05-22,0.214666,0.215243,0.204677,0.204677,4180151813.0
2019-05-23,0.204544,0.207627,0.20624,0.20624,3860866771.0
2019-05-24,0.206178,0.209646,0.207765,0.207765,4285428936.0
2019-05-25,0.207846,0.208876,0.207497,0.207497,4038915681.0
2019-05-26,0.207223,0.21609,0.214531,0.214531,4780388990.0
2019-05-27,0.214964,0.222836,0.218305,0.218305,5341909054.0
2019-05-28,0.218369,0.220616,0.219288,0.219288,4726072117.0
2019-05-29,0.219352,0.219313,0.218345,0.218345,5184155286.0
2019-05-30,0.218175,0.251411,0.227212,0.227212,6781727434.0
2019-05-31,0.227071,0.239578,0.239431,0.239431,5928441000.0
2019-06-01,0.239578,0.244911,0.237885,0.237885,5920730805.0
2019-06-02,0.238359,0.239895,0.236405,0.236405,5170866677.0
2019-06-03,0.236395,0.237268,0.221216,0.221216,5313580795.0
2019-06-04,0.222238,0.222238,0.210827,0.210827,5387629296.0
2019-06-05,0.210627,0.214998,0.213084,0.213084,5035795027.0
2019-06-06,0.213197,0.21647,0.213446,0.213446,4951372286.0
2019-06-07,0.213497,0.221698,0.215831,0.215831,4946679127.0
2019-06-08,0.216173,0.221442,0.214,0.214,4836443192.0
2019-06-09,0.2135,0.223329,0.208886,0.208886,4815950317.0
2019-06-10,0.209015,0.217841,0.214918,0.214918,4855036336.0
2019-06-11,0.214883,0.217981,0.212179,0.212179,4515334016.0
2019-06-12,0.212414,0.214614,0.2132,0.2132,4834366196.0
2019-06-13,0.212935,0.220303,0.213808,0.213808,4657565020.0
2019-06-14,0.213846,0.219584,0.218329,0.218329,4140589402.0
2019-06-15,0.219104,0.223906,0.220625,0.220625,4432873774.0
2019-06-16,0.219775,0.233102,0.222338,0.222338,4800080257.0
2019-06-17,0.222429,0.225304,0.22295,0.22295,4220031595.0
2019-06-18,0.223142,0.223536,0.217139,0.217139,3815235926.0
2019-06-19,0.216984,0.21958,0.217849,0.217849,2475484024.0
2019-06-20,0.218773,0.222719,0.219724,0.219724,2509850334.0
2019-06-21,0.220196,0.226088,0.224235,0.224235,2951843810.0
2019-06-22,0.224648,0.233393,0.228168,0.228168,3992040529.0
2019-06-23,0.228548,0.243277,0.229925,0.229925,3077473022.0
2019-06-24,0.23057,0.237631,0.23328,0.23328,2960766265.0
2019-06-25,0.233202,0.235395,0.235211,0.235211,2842808295.0
2019-06-26,0.235091,0.23867,0.233997,0.233997,4468336309.0
2019-06-27,0.234761,0.241298,0.229872,0.229872,5259073114.0
2019-06-28,0.23007,0.242864,0.240606,0.240606,4503210773.0
2019-06-29,0.239875,0.240371,0.234777,0.234777,3212712740.0
2019-06-30,0.235664,0.237576,0.224627,0.224627,3002737311.0
2019-07-01,0.224107,0.229005,0.223114,0.223114,2947353884.0
2019-07-02,0.223045,0.231455,0.220701,0.220701,2864581537.0
2019-07-03,0.220932,0.229506,0.227945,0.227945,2585981943.0
2019-07-04,0.227995,0.23012,0.221538,0.221538,2500018695.0
2019-07-05,0.221385,0.305919,0.264668,0.264668,12863408141.0
2019-07-06,0.265068,0.271593,0.242766,0.242766,4451425637.0
2019-07-07,0.243187,0.250413,0.2487,0.2487,3037808176.0
2019-07-08,0.248835,0.249461,0.244246,0.244246,2860805393.0
2019-07-09,0.244061,0.248115,0.243287,0.243287,2921177809.0
2019-07-10,0.243439,0.246807,0.234113,0.234113,3355875289.0
2019-07-11,0.233631,0.234295,0.222041,0.222041,2985982096.0
2019-07-12,0.22195,0.230969,0.228997,0.228997,2428977801.0
2019-07-13,0.229224,0.229767,0.222734,0.222734,1867807487.0
2019-07-14,0.222793,0.223449,0.206633,0.206633,2491375478.0
2019-07-15,0.207013,0.214705,0.211935,0.211935,2949220322.0
2019-07-16,0.211993,0.214175,0.193989,0.193989,2814186593.0
2019-07-17,0.193586,0.218687,0.208467,0.208467,2878287143.0
2019-07-18,0.20854,0.216578,0.214934,0.214934,2769463833.0
2019-07-19,0.214866,0.215488,0.210873,0.210873,1444733431.0
2019-07-20,0.211216,0.219724,0.214943,0.214943,1614760807.0
2019-07-21,0.214911,0.218273,0.21173,0.21173,1263202680.0
2019-07-22,0.211749,0.214004,0.206569,0.206569,1321729624.0
2019-07-23,0.206775,0.207025,0.198828,0.198828,1450105168.0
2019-07-24,0.198802,0.201274,0.201142,0.201142,1644794812.0
2019-07-25,0.200796,0.208248,0.201976,0.201976,1428028213.0
2019-07-26,0.201946,0.203143,0.201118,0.201118,1338568106.0
2019-07-27,0.201255,0.208666,0.194375,0.194375,1439255577.0
2019-07-28,0.194309,0.198816,0.196955,0.196955,1369203854.0
2019-07-29,0.196935,0.199729,0.195262,0.195262,1309947688.0
2019-07-30,0.194634,0.198803,0.193953,0.193953,1163347328.0
2019-07-31,0.193857,0.201196,0.200089,0.200089,1470670517.0
2019-08-01,0.200161,0.205067,0.204968,0.204968,1400458925.0
2019-08-02,0.204948,0.207302,0.202652,0.202652,1292387439.0
2019-08-03,0.202579,0.206245,0.202885,0.202885,1101708411.0
2019-08-04,0.202925,0.207858,0.204715,0.204715,1340298379.0
2019-08-05,0.204716,0.224383,0.219697,0.219697,2208672027.0
2019-08-06,0.219795,0.234608,0.209206,0.209206,1403034676.0
2019-08-07,0.209246,0.216737,0.213946,0.213946,1889782173.0
2019-08-08,0.213859,0.214401,0.206384,0.206384,1197734192.0
2019-08-09,0.206454,0.207618,0.206332,0.206332,1529413344.0
2019-08-10,0.20636,0.208051,0.201924,0.201924,1273135352.0
2019-08-11,0.202086,0.206129,0.205892,0.205892,1153006809.0
2019-08-12,0.205725,0.206077,0.205299,0.205299,1536520868.0
2019-08-13,0.205481,0.206014,0.20081,0.20081,1941296332.0
2019-08-14,0.200714,0.201276,0.194943,0.194943,2462812706.0
2019-08-15,0.194833,0.197244,0.188531,0.188531,2294348512.0
2019-08-16,0.188604,0.193105,0.190707,0.190707,1408331775.0
2019-08-17,0.190953,0.191397,0.188233,0.188233,1333757980.0
2019-08-18,0.188345,0.194236,0.193692,0.193692,1482111796.0
2019-08-19,0.193695,0.202233,0.200742,0.200742,1456910478.0
2019-08-20,0.200793,0.200554,0.197557,0.197557,1407118354.0
2019-08-21,0.197627,0.198033,0.191097,0.191097,1504483013.0
2019-08-22,0.191193,0.196444,0.194234,0.194234,1569046435.0
2019-08-23,0.194843,0.20819,0.194895,0.194895,1552566155.0
2019-08-24,0.19486,0.195703,0.191136,0.191136,1601505005.0
2019-08-25,0.191241,0.207422,0.190373,0.190373,1625291577.0
2019-08-26,0.189644,0.203151,0.192977,0.192977,1654639179.0
2019-08-27,0.192996,0.199447,0.187463,0.187463,1520345502.0
2019-08-28,0.187588,0.188988,0.181272,0.181272,1695371225.0
2019-08-29,0.181241,0.181314,0.175611,0.175611,2053315526.0
2019-08-30,0.175705,0.178523,0.178036,0.178036,1708068703.0
2019-08-31,0.178054,0.181404,0.180165,0.180165,1716540439.0
2019-09-01,0.180213,0.181719,0.178752,0.178752,1631560369.0
2019-09-02,0.178803,0.1883,0.186817,0.186817,1871217229.0
2019-09-03,0.187009,0.196645,0.187303,0.187303,2926393317.0
2019-09-04,0.187354,0.193976,0.193609,0.193609,1988375898.0
2019-09-05,0.193642,0.193746,0.182077,0.182077,2322370657.0
2019-09-06,0.181938,0.189388,0.179874,0.179874,2120135033.0
2019-09-07,0.180298,0.184175,0.180299,0.180299,2490416485.0
2019-09-08,0.180016,0.18348,0.179301,0.179301,2258378291.0
2019-09-09,0.179832,0.179817,0.176657,0.176657,2482209869.0
2019-09-10,0.176627,0.178687,0.175138,0.175138,2145446095.0
2019-09-11,0.174789,0.176184,0.171676,0.171676,2169229273.0
2019-09-12,0.171656,0.173611,0.172894,0.172894,2746004861.0
2019-09-13,0.172858,0.172667,0.172294,0.172294,2427285829.0
2019-09-14,0.172398,0.174114,0.173351,0.173351,2575135625.0
2019-09-15,0.173508,0.176604,0.174768,0.174768,2547389669.0
2019-09-16,0.174855,0.178277,0.176183,0.176183,2232806263.0
2019-09-17,0.176132,0.186952,0.18705,0.18705,2792408962.0
2019-09-18,0.186982,0.213171,0.19352,0.19352,3240831730.0
2019-09-19,0.193504,0.195128,0.193424,0.193424,3317185092.0
2019-09-20,0.193451,0.193915,0.190296,0.190296,3228296032.0
2019-09-21,0.18993,0.190291,0.184142,0.184142,3403759680.0
2019-09-22,0.184789,0.185754,0.18457,0.18457,2705474303.0
2019-09-23,0.184215,0.184819,0.176008,0.176008,2520738133.0
2019-09-24,0.176255,0.177276,0.158083,0.158083,3977645147.0
2019-09-25,0.158198,0.159288,0.155949,0.155949,4187779821.0
2019-09-26,0.156296,0.158173,0.15295,0.15295,3333219269.0
2019-09-27,0.152956,0.157398,0.156905,0.156905,3367585329.0
2019-09-28,0.157015,0.158506,0.157525,0.157525,2555219322.0
2019-09-29,0.157808,0.165041,0.156757,0.156757,2951565313.0
2019-09-30,0.156994,0.170772,0.168654,0.168654,4021207413.0
2019-10-01,0.169025,0.177599,0.169817,0.169817,2884490915.0
2019-10-02,0.170021,0.171573,0.167308,0.167308,2997035312.0
2019-10-03,0.167112,0.168006,0.165115,0.165115,2612994144.0
2019-10-04,0.165025,0.167336,0.16714,0.16714,3034348568.0
2019-10-05,0.166792,0.16838,0.16448,0.16448,2787668960.0
2019-10-06,0.16451,0.167299,0.166187,0.166187,2839683158.0
2019-10-07,0.165855,0.171026,0.169939,0.169939,3420731195.0
2019-10-08,0.169898,0.171543,0.167076,0.167076,3534124396.0
2019-10-09,0.166622,0.170837,0.169824,0.169824,2835448106.0
2019-10-10,0.170096,0.17066,0.165539,0.165539,3507917907.0
2019-10-11,0.165583,0.169038,0.166607,0.166607,2896684159.0
2019-10-12,0.165423,0.169336,0.166253,0.166253,3231893973.0
2019-10-13,0.166162,0.186005,0.173586,0.173586,4485906077.0
2019-10-14,0.173668,0.187165,0.181355,0.181355,4450110528.0
2019-10-15,0.181366,0.183512,0.179434,0.179434,3645066943.0
2019-10-16,0.179364,0.186882,0.186079,0.186079,3597155434.0
2019-10-17,0.185838,0.20858,0.195955,0.195955,4927139647.0
2019-10-18,0.196086,0.203744,0.192371,0.192371,4330096264.0
2019-10-19,0.192221,0.198717,0.194978,0.194978,4962438542.0
2019-10-20,0.194944,0.197307,0.193974,0.193974,5238823731.0
2019-10-21,0.194076,0.199719,0.196751,0.196751,5878406405.0
2019-10-22,0.196656,0.196902,0.18175,0.18175,5350248889.0
2019-10-23,0.181648,0.183381,0.17645,0.17645,5597265093.0
2019-10-24,0.176198,0.181105,0.180247,0.180247,5765276557.0
2019-10-25,0.180309,0.192264,0.190107,0.190107,6980097447.0
2019-10-26,0.190148,0.202496,0.185712,0.185712,8399812575.0
2019-10-27,0.185656,0.194617,0.187996,0.187996,7052217728.0
2019-10-28,0.18812,0.192707,0.187209,0.187209,6524937321.0
2019-10-29,0.18728,0.193424,0.188205,0.188205,5983131300.0
2019-10-30,0.188274,0.190117,0.185353,0.185353,6243493886.0
2019-10-31,0.185499,0.189474,0.185645,0.185645,5117795974.0
2019-11-01,0.185748,0.186611,0.185976,0.185976,5534979429.0
2019-11-02,0.186049,0.187409,0.185263,0.185263,4459283788.0
2019-11-03,0.185287,0.188547,0.185932,0.185932,4082856959.0
2019-11-04,0.185791,0.186565,0.185015,0.185015,4533363624.0
2019-11-05,0.184989,0.187529,0.185687,0.185687,5552718463.0
2019-11-06,0.18563,0.188055,0.186617,0.186617,6263948287.0
2019-11-07,0.186598,0.193862,0.193635,0.193635,6901602788.0
2019-11-08,0.193487,0.194055,0.189357,0.189357,6283965924.0
2019-11-09,0.189414,0.195708,0.193636,0.193636,6646631309.0
2019-11-10,0.193606,0.198746,0.198053,0.198053,6904040546.0
2019-11-11,0.198068,0.198394,0.194296,0.194296,6055278276.0
2019-11-12,0.194204,0.195751,0.195629,0.195629,5205264203.0
2019-11-13,0.195469,0.195651,0.194632,0.194632,5842428874.0
2019-11-14,0.194383,0.194661,0.192885,0.192885,5567270396.0
2019-11-15,0.193009,0.193518,0.190308,0.190308,5651159890.0
2019-11-16,0.190309,0.191607,0.191257,0.191257,5125263884.0
2019-11-17,0.191251,0.194726,0.189711,0.189711,5337437360.0
2019-11-18,0.189681,0.194406,0.185348,0.185348,5217562483.0
2019-11-19,0.185316,0.187411,0.183105,0.183105,6148252576.0
2019-11-20,0.183119,0.193688,0.183489,0.183489,5547468629.0
2019-11-21,0.183428,0.184196,0.174066,0.174066,6888006899.0
2019-11-22,0.17405,0.180695,0.169582,0.169582,7869858247.0
2019-11-23,0.169709,0.179992,0.179815,0.179815,8058562387.0
2019-11-24,0.180097,0.180231,0.169828,0.169828,7284894389.0
2019-11-25,0.170063,0.170063,0.163888,0.163888,9290304991.0
2019-11-26,0.16393,0.167634,0.163677,0.163677,7163413180.0
2019-11-27,0.163639,0.167993,0.166616,0.166616,7148408678.0
2019-11-28,0.166454,0.170125,0.165512,0.165512,7009722074.0
2019-11-29,0.165632,0.176336,0.17624,0.17624,7021835336.0
2019-11-30,0.176219,0.177522,0.166447,0.166447,6426690831.0
2019-12-01,0.166471,0.171796,0.164444,0.164444,5525431267.0
2019-12-02,0.16451,0.165932,0.160094,0.160094,4783964347.0
2019-12-03,0.159998,0.161601,0.159089,0.159089,4485376557.0
2019-12-04,0.15911,0.160293,0.157866,0.157866,5229604220.0
2019-12-05,0.157892,0.164321,0.158708,0.158708,4766172165.0
2019-12-06,0.158553,0.162546,0.158708,0.158708,4772119122.0
2019-12-07,0.158989,0.160298,0.159016,0.159016,4486941182.0
2019-12-08,0.158984,0.166926,0.159532,0.159532,3952638889.0
2019-12-09,0.159473,0.159889,0.1567,0.1567,4449587936.0
2019-12-10,0.156722,0.157647,0.156096,0.156096,4944261643.0
2019-12-11,0.155949,0.158587,0.15454,0.15454,4534959157.0
2019-12-12,0.154584,0.155775,0.154404,0.154404,4674457204.0
2019-12-13,0.15436,0.1562,0.153746,0.153746,4655025601.0
2019-12-14,0.153727,0.155788,0.153374,0.153374,5079020602.0
2019-12-15,0.153434,0.153498,0.152243,0.152243,4700100572.0
2019-12-16,0.152246,0.154872,0.150357,0.150357,4847696105.0
2019-12-17,0.150298,0.152751,0.14333,0.14333,6062831444.0
2019-12-18,0.143811,0.155624,0.154988,0.154988,6968435597.0
2019-12-19,0.15495,0.156113,0.151247,0.151247,5631903994.0
2019-12-20,0.151514,0.152259,0.147511,0.147511,4769624764.0
2019-12-21,0.147663,0.148454,0.14815,0.14815,4741127850.0
2019-12-22,0.148047,0.150788,0.15039,0.15039,5046451343.0
2019-12-23,0.150229,0.151921,0.147629,0.147629,5534454395.0
2019-12-24,0.147659,0.150636,0.147706,0.147706,5120772458.0
2019-12-25,0.147673,0.149469,0.148821,0.148821,5644309284.0
2019-12-26,0.148631,0.149479,0.146711,0.146711,5126988642.0
2019-12-27,0.146793,0.148406,0.146609,0.146609,5391829156.0
2019-12-28,0.146644,0.149304,0.147444,0.147444,4609873190.0
2019-12-29,0.147359,0.15101,0.147738,0.147738,4793764459.0
2019-12-30,0.14784,0.148183,0.146529,0.146529,5218715491.0
2019-12-31,0.146663,0.146663,0.144624,0.144624,4953265132.0
2020-01-01,0.144601,0.146223,0.144779,0.144779,3645515773.0
2020-01-02,0.144896,0.150539,0.143318,0.143318,4642855784.0
2020-01-03,0.14327,0.156304,0.153954,0.153954,4493672943.0
2020-01-04,0.153872,0.178669,0.160827,0.160827,6761865486.0
2020-01-05,0.160745,0.178778,0.173602,0.173602,3777045661.0
2020-01-06,0.173547,0.184723,0.176833,0.176833,3917405908.0
2020-01-07,0.178402,0.179052,0.175077,0.175077,3797480994.0
2020-01-08,0.1751,0.177456,0.16382,0.16382,5519382032.0
2020-01-09,0.163708,0.164759,0.160625,0.160625,5032896493.0
2020-01-10,0.160514,0.167521,0.167235,0.167235,6224729149.0
2020-01-11,0.166872,0.168382,0.164171,0.164171,6684720139.0
2020-01-12,0.164125,0.17121,0.168939,0.168939,5636267605.0
2020-01-13,0.168966,0.170467,0.166761,0.166761,5930608041.0
2020-01-14,0.166774,0.178143,0.175013,0.175013,9114473036.0
2020-01-15,0.17484,0.180049,0.167522,0.167522,9119175265.0
2020-01-16,0.167765,0.171407,0.16638,0.16638,6962461612.0
2020-01-17,0.166476,0.17878,0.176892,0.176892,8365597533.0
2020-01-18,0.176911,0.180303,0.17811,0.17811,7682235374.0
2020-01-19,0.178619,0.18258,0.170875,0.170875,7679308853.0
2020-01-20,0.170895,0.172138,0.168649,0.168649,6537124508.0
2020-01-21,0.16868,0.170686,0.169154,0.169154,6002009073.0
2020-01-22,0.169127,0.170809,0.165219,0.165219,5891613837.0
2020-01-23,0.165211,0.167595,0.161753,0.161753,6552936499.0
2020-01-24,0.161782,0.163608,0.162327,0.162327,6195752498.0
2020-01-25,0.162343,0.162353,0.161006,0.161006,5878747462.0
2020-01-26,0.161018,0.164521,0.164382,0.164382,5239562250.0
2020-01-27,0.164368,0.172428,0.16917,0.16917,6360722932.0
2020-01-28,0.169,0.174742,0.174509,0.174509,6520546242.0
2020-01-29,0.174581,0.17609,0.17041,0.17041,5753021145.0
2020-01-30,0.170518,0.175077,0.17466,0.17466,6009583579.0
2020-01-31,0.174622,0.175945,0.171138,0.171138,5471053095.0
2020-02-01,0.170972,0.173794,0.173173,0.173173,5629175623.0
2020-02-02,0.173106,0.179172,0.176494,0.176494,6545913270.0
2020-02-03,0.176283,0.180113,0.17402,0.17402,5624378258.0
2020-02-04,0.17392,0.17801,0.17801,0.17801,6384967037.0
2020-02-05,0.177974,0.187201,0.183812,0.183812,7527745874.0
2020-02-06,0.18388,0.190493,0.189173,0.189173,7751464203.0
2020-02-07,0.189222,0.198131,0.198009,0.198009,9316666690.0
2020-02-08,0.197876,0.229467,0.22589,0.22589,14575233593.0
2020-02-09,0.225685,0.252516,0.231158,0.231158,15652054127.0
2020-02-10,0.231275,0.236199,0.212925,0.212925,13945094576.0
2020-02-11,0.214716,0.219789,0.216759,0.216759,12100474272.0
2020-02-12,0.216755,0.226263,0.220534,0.220534,12935423184.0
2020-02-13,0.21845,0.229867,0.215681,0.215681,12013559361.0
2020-02-14,0.21378,0.225247,0.223868,0.223868,10074509033.0
2020-02-15,0.221601,0.227502,0.208828,0.208828,10351804206.0
2020-02-16,0.208639,0.212045,0.198443,0.198443,10717172635.0
2020-02-17,0.195964,0.198267,0.193548,0.193548,10676934812.0
2020-02-18,0.191061,0.203722,0.203252,0.203252,10321757401.0
2020-02-19,0.203203,0.205731,0.187948,0.187948,9804596199.0
2020-02-20,0.188032,0.191441,0.191118,0.191118,13504232790.0
2020-02-21,0.190929,0.19458,0.190378,0.190378,11333248896.0
2020-02-22,0.190538,0.190889,0.187009,0.187009,11224938011.0
2020-02-23,0.186892,0.192825,0.192669,0.192669,12993017559.0
2020-02-24,0.192604,0.193114,0.186577,0.186577,11466179420.0
2020-02-25,0.186618,0.186536,0.177988,0.177988,12833556468.0
2020-02-26,0.177937,0.178763,0.167659,0.167659,14432910214.0
2020-02-27,0.167511,0.171744,0.166604,0.166604,11672783021.0
2020-02-28,0.16657,0.170248,0.165184,0.165184,11082070886.0
2020-02-29,0.164963,0.167465,0.161294,0.161294,10583441062.0
2020-03-01,0.161185,0.165772,0.164179,0.164179,11723905416.0
2020-03-02,0.164447,0.172087,0.170095,0.170095,12007074456.0
2020-03-03,0.170077,0.185345,0.183509,0.183509,12848616541.0
2020-03-04,0.183545,0.184117,0.176242,0.176242,10627482552.0
2020-03-05,0.176324,0.186222,0.185068,0.185068,7748396102.0
2020-03-06,0.184969,0.186143,0.184674,0.184674,7419545409.0
2020-03-07,0.185041,0.185922,0.17795,0.17795,6522681953.0
2020-03-08,0.178082,0.178178,0.161841,0.161841,7529011090.0
2020-03-09,0.162029,0.16546,0.164824,0.164824,10199846406.0
2020-03-10,0.165008,0.166996,0.163788,0.163788,8568197906.0
2020-03-11,0.163887,0.163966,0.16197,0.16197,7968306523.0
2020-03-12,0.161952,0.16226,0.114424,0.114424,12497367290.0
2020-03-13,0.114642,0.133067,0.128528,0.128528,16173130495.0
2020-03-14,0.12845,0.131974,0.123197,0.123197,8386144506.0
2020-03-15,0.123039,0.134462,0.124584,0.124584,8857106895.0
2020-03-16,0.124478,0.125636,0.117938,0.117938,9981500302.0
2020-03-17,0.118212,0.124085,0.117506,0.117506,7602179839.0
2020-03-18,0.117723,0.119447,0.117391,0.117391,7662972627.0
2020-03-19,0.117447,0.138577,0.133278,0.133278,18931978740.0
2020-03-20,0.133143,0.145022,0.134047,0.134047,14229944547.0
2020-03-21,0.133901,0.13996,0.134952,0.134952,12564075694.0
2020-03-22,0.134955,0.14123,0.130746,0.130746,12183106005.0
2020-03-23,0.130488,0.139095,0.138178,0.138178,12753045281.0
2020-03-24,0.138222,0.145508,0.140587,0.140587,13455276150.0
2020-03-25,0.14068,0.143608,0.139097,0.139097,12390797104.0
2020-03-26,0.139026,0.13984,0.137613,0.137613,12139695044.0
2020-03-27,0.137752,0.13978,0.135306,0.135306,12453830240.0
2020-03-28,0.135158,0.135392,0.133116,0.133116,12727358247.0
2020-03-29,0.133047,0.135134,0.129927,0.129927,11808526322.0
2020-03-30,0.129918,0.140849,0.138079,0.138079,12310260254.0
2020-03-31,0.13956,0.13956,0.136427,0.136427,11766987800.0
2020-04-01,0.136492,0.143,0.14296,0.14296,12515578970.0
2020-04-02,0.143056,0.148014,0.143363,0.143363,12635381283.0
2020-04-03,0.143444,0.146187,0.141611,0.141611,12312931383.0
2020-04-04,0.141598,0.145945,0.143702,0.143702,12292132991.0
2020-04-05,0.143693,0.145897,0.142194,0.142194,11631015503.0
2020-04-06,0.142255,0.150688,0.150438,0.150438,13156819313.0
2020-04-07,0.149829,0.153165,0.151086,0.151086,9788447355.0
2020-04-08,0.150236,0.154861,0.152834,0.152834,8833931297.0
2020-04-09,0.152919,0.154513,0.153452,0.153452,8346758943.0
2020-04-10,0.153437,0.153607,0.14993,0.14993,9301820245.0
2020-04-11,0.149918,0.152676,0.151567,0.151567,12292403428.0
2020-04-12,0.151551,0.153053,0.151599,0.151599,12941831092.0
2020-04-13,0.151556,0.151626,0.149381,0.149381,12762485186.0
2020-04-14,0.149308,0.150468,0.149233,0.149233,14352834863.0
2020-04-15,0.149157,0.150122,0.148449,0.148449,12997732863.0
2020-04-16,0.148453,0.155934,0.155845,0.155845,13823911568.0
2020-04-17,0.155865,0.15532,0.154008,0.154008,12358590905.0
2020-04-18,0.153979,0.157754,0.157661,0.157661,12866436145.0
2020-04-19,0.157568,0.158576,0.157603,0.157603,13214187351.0
2020-04-20,0.157604,0.157899,0.151821,0.151821,12998975220.0
2020-04-21,0.151828,0.155919,0.151746,0.151746,12596335790.0
2020-04-22,0.15168,0.15541,0.153642,0.153642,12512438806.0
2020-04-23,0.153622,0.160935,0.15557,0.15557,13603024178.0
2020-04-24,0.155571,0.162045,0.160478,0.160478,15993364260.0
2020-04-25,0.160411,0.163774,0.163402,0.163402,17534993000.0
2020-04-26,0.163326,0.186468,0.183769,0.183769,21958375430.0
2020-04-27,0.183874,0.184158,0.17941,0.17941,21030072526.0
2020-04-28,0.179333,0.180807,0.177923,0.177923,19391096278.0
2020-04-29,0.177933,0.19131,0.189459,0.189459,22256793254.0
2020-04-30,0.189429,0.202088,0.184218,0.184218,22514903868.0
2020-05-01,0.184333,0.193693,0.189185,0.189185,21459523208.0
2020-05-02,0.189291,0.193601,0.19332,0.19332,20410314251.0
2020-05-03,0.193199,0.194793,0.189614,0.189614,20028163786.0
2020-05-04,0.189656,0.189958,0.187672,0.187672,19776398660.0
2020-05-05,0.187682,0.190368,0.188668,0.188668,18671381688.0
2020-05-06,0.188564,0.196938,0.192789,0.192789,19162470385.0
2020-05-07,0.191936,0.20283,0.201683,0.201683,21539428147.0
2020-05-08,0.201349,0.202268,0.19813,0.19813,22020678140.0
2020-05-09,0.197887,0.198953,0.197312,0.197312,22273204059.0
2020-05-10,0.197176,0.197273,0.18577,0.18577,21965266851.0
2020-05-11,0.18561,0.190617,0.183223,0.183223,21083773399.0
2020-05-12,0.18326,0.18882,0.185629,0.185629,19817113178.0
2020-05-13,0.185672,0.190685,0.190176,0.190176,20056832278.0
2020-05-14,0.189943,0.197996,0.194338,0.194338,21423865420.0
2020-05-15,0.194288,0.194554,0.190133,0.190133,19809979012.0
2020-05-16,0.19019,0.192306,0.190645,0.190645,19323328853.0
2020-05-17,0.19063,0.195614,0.192466,0.192466,19599711644.0
2020-05-18,0.192346,0.195763,0.192307,0.192307,20084053607.0
2020-05-19,0.19233,0.194058,0.192174,0.192174,13846638939.0
2020-05-20,0.192224,0.193586,0.189446,0.189446,13516025568.0
2020-05-21,0.189615,0.192481,0.187971,0.187971,15197329533.0
2020-05-22,0.188032,0.193223,0.1925,0.1925,16365960320.0
2020-05-23,0.192462,0.194896,0.193326,0.193326,15873756798.0
2020-05-24,0.19335,0.194625,0.186783,0.186783,14185024046.0
2020-05-25,0.186607,0.193194,0.192753,0.192753,16289890794.0
2020-05-26,0.192689,0.192902,0.187698,0.187698,14002336580.0
2020-05-27,0.187635,0.191591,0.190508,0.190508,14130775418.0
2020-05-28,0.190621,0.193574,0.191035,0.191035,16670154279.0
2020-05-29,0.19103,0.192472,0.191248,0.191248,15141301423.0
2020-05-30,0.191177,0.198298,0.197506,0.197506,15158176454.0
2020-05-31,0.19752,0.197678,0.19293,0.19293,14212312924.0
2020-06-01,0.192973,0.200942,0.199863,0.199863,14781661498.0
2020-06-02,0.199915,0.200565,0.192262,0.192262,15022162672.0
2020-06-03,0.192283,0.195824,0.194541,0.194541,14313939878.0
2020-06-04,0.194546,0.201372,0.1985,0.1985,14644781625.0
2020-06-05,0.198575,0.198809,0.196144,0.196144,14270100968.0
2020-06-06,0.196118,0.196929,0.195498,0.195498,13298472804.0
2020-06-07,0.195499,0.197185,0.196806,0.196806,14208812134.0
2020-06-08,0.196767,0.196846,0.19486,0.19486,14111228699.0
2020-06-09,0.194817,0.1951,0.193955,0.193955,13283004275.0
2020-06-10,0.193948,0.196299,0.195571,0.195571,13830304633.0
2020-06-11,0.195574,0.196651,0.18631,0.18631,13919601455.0
2020-06-12,0.186516,0.192376,0.191424,0.191424,14805542107.0
2020-06-13,0.191445,0.193003,0.192405,0.192405,14354494413.0
2020-06-14,0.192371,0.193999,0.190694,0.190694,13165975805.0
2020-06-15,0.190621,0.191101,0.188377,0.188377,15104707128.0
2020-06-16,0.188373,0.192838,0.190001,0.190001,14991399877.0
2020-06-17,0.190242,0.189909,0.189807,0.189807,14137298162.0
2020-06-18,0.18981,0.189777,0.188834,0.188834,13094200390.0
2020-06-19,0.188801,0.189042,0.185659,0.185659,13213064893.0
2020-06-20,0.185659,0.18804,0.186568,0.186568,12068831109.0
2020-06-21,0.186557,0.188917,0.18656,0.18656,12956628567.0
2020-06-22,0.186566,0.188952,0.187478,0.187478,13151909897.0
2020-06-23,0.187478,0.188109,0.187839,0.187839,12975474531.0
2020-06-24,0.187777,0.188652,0.184034,0.184034,13511324860.0
2020-06-25,0.184078,0.184128,0.182604,0.182604,12086629838.0
2020-06-26,0.18255,0.183346,0.17839,0.17839,11443959945.0
2020-06-27,0.178396,0.179904,0.174921,0.174921,11535841375.0
2020-06-28,0.174921,0.178578,0.175856,0.175856,13059116916.0
2020-06-29,0.175874,0.176779,0.174646,0.174646,13037419836.0
2020-06-30,0.174479,0.176897,0.175259,0.175259,12515429721.0
2020-07-01,0.175269,0.17934,0.177595,0.177595,11510640422.0
2020-07-02,0.175814,0.178098,0.176844,0.176844,8296997746.0
2020-07-03,0.176824,0.177224,0.172929,0.172929,8332370228.0
2020-07-04,0.172873,0.17473,0.172463,0.172463,8156345390.0
2020-07-05,0.172275,0.173805,0.172433,0.172433,8225246629.0
2020-07-06,0.172433,0.19574,0.195141,0.195141,9856067221.0
2020-07-07,0.195037,0.244113,0.231416,0.231416,21270412170.0
2020-07-08,0.231984,0.405742,0.355953,0.355953,91937608556.0
2020-07-09,0.354611,0.375712,0.330367,0.330367,38419021532.0
2020-07-10,0.330147,0.330147,0.264173,0.264173,16942640099.0
2020-07-11,0.265189,0.294748,0.286567,0.286567,11677813715.0
2020-07-12,0.286541,0.289018,0.272797,0.272797,6581052651.0
2020-07-13,0.272797,0.27342,0.238989,0.238989,10768639802.0
2020-07-14,0.23837,0.253773,0.248156,0.248156,7774783209.0
2020-07-15,0.24759,0.248725,0.231854,0.231854,5215456026.0
2020-07-16,0.231904,0.232809,0.225157,0.225157,5898519580.0
2020-07-17,0.224901,0.230998,0.22924,0.22924,5595248492.0
2020-07-18,0.229196,0.271803,0.260088,0.260088,15285153682.0
2020-07-19,0.259423,0.281071,0.253293,0.253293,8744000429.0
2020-07-20,0.253345,0.257338,0.242138,0.242138,6057665274.0
2020-07-21,0.241559,0.246632,0.246338,0.246338,5795622108.0
2020-07-22,0.246107,0.246289,0.24511,0.24511,4062012735.0
2020-07-23,0.244951,0.247814,0.246621,0.246621,4396696251.0
2020-07-24,0.246627,0.248651,0.240583,0.240583,4402048158.0
2020-07-25,0.24057,0.246213,0.241661,0.241661,4722854796.0
2020-07-26,0.241976,0.244325,0.241819,0.241819,4679398942.0
2020-07-27,0.241793,0.242085,0.235876,0.235876,6218969116.0
2020-07-28,0.235969,0.240921,0.239486,0.239486,4725092769.0
2020-07-29,0.239527,0.244112,0.238842,0.238842,4176002213.0
2020-07-30,0.238842,0.242936,0.241588,0.241588,4000667639.0
2020-07-31,0.241454,0.242337,0.241676,0.241676,4083477715.0
2020-08-01,0.241676,0.28448,0.276389,0.276389,11291028088.0
2020-08-02,0.276938,0.279941,0.249931,0.249931,7585418302.0
2020-08-03,0.249935,0.258888,0.254726,0.254726,5030944155.0
2020-08-04,0.254699,0.267276,0.265318,0.265318,5583556654.0
2020-08-05,0.265968,0.268056,0.262744,0.262744,4971469973.0
2020-08-06,0.263089,0.272391,0.266656,0.266656,4714779347.0
2020-08-07,0.266905,0.270826,0.26505,0.26505,5176027563.0
2020-08-08,0.26512,0.265287,0.263317,0.263317,4689836895.0
2020-08-09,0.263201,0.265046,0.259821,0.259821,4277930816.0
2020-08-10,0.260206,0.266469,0.262028,0.262028,5094437518.0
2020-08-11,0.261683,0.267223,0.253276,0.253276,5860338295.0
2020-08-12,0.253465,0.264381,0.260529,0.260529,5298580961.0
2020-08-13,0.260446,0.265803,0.26312,0.26312,5484819519.0
2020-08-14,0.262907,0.267888,0.266544,0.266544,4591186054.0
2020-08-15,0.266679,0.269994,0.264943,0.264943,4813881678.0
2020-08-16,0.265019,0.265849,0.263925,0.263925,3942740636.0
2020-08-17,0.263925,0.278346,0.268423,0.268423,5802505822.0
2020-08-18,0.26853,0.277268,0.262062,0.262062,4666282677.0
2020-08-19,0.261626,0.263869,0.256698,0.256698,3996510995.0
2020-08-20,0.256708,0.262566,0.259403,0.259403,3264776818.0
2020-08-21,0.259275,0.266361,0.254242,0.254242,4542309160.0
2020-08-22,0.254191,0.25825,0.257907,0.257907,3363190508.0
2020-08-23,0.257596,0.258704,0.255799,0.255799,2958338226.0
2020-08-24,0.25549,0.259632,0.25359,0.25359,3447822314.0
2020-08-25,0.25356,0.254699,0.245328,0.245328,5703462609.0
2020-08-26,0.245063,0.248383,0.24531,0.24531,5971829360.0
2020-08-27,0.245054,0.246241,0.236277,0.236277,6628401869.0
2020-08-28,0.236281,0.239213,0.239018,0.239018,4684389159.0
2020-08-29,0.238931,0.241364,0.240015,0.240015,5714945715.0
2020-08-30,0.240127,0.244529,0.241328,0.241328,5800982841.0
2020-08-31,0.24143,0.241909,0.236513,0.236513,6269367131.0
2020-09-01,0.236446,0.239732,0.237903,0.237903,5981486407.0
2020-09-02,0.238044,0.23861,0.228729,0.228729,4149578679.0
2020-09-03,0.228729,0.229528,0.205842,0.205842,4400072951.0
2020-09-04,0.205593,0.216631,0.212313,0.212313,3913890000.0
2020-09-05,0.21238,0.21493,0.202032,0.202032,4562937164.0
2020-09-06,0.202032,0.206117,0.204255,0.204255,6563692780.0
2020-09-07,0.204278,0.208076,0.206489,0.206489,7536241725.0
2020-09-08,0.207134,0.208147,0.203327,0.203327,4216516175.0
2020-09-09,0.203524,0.205929,0.203782,0.203782,5649921774.0
2020-09-10,0.20474,0.209788,0.206281,0.206281,7667891115.0
2020-09-11,0.206281,0.207739,0.206189,0.206189,9851545527.0
2020-09-12,0.205905,0.207991,0.207118,0.207118,8605955050.0
2020-09-13,0.207118,0.207473,0.203987,0.203987,9129984079.0
2020-09-14,0.203952,0.20877,0.205711,0.205711,9433392442.0
2020-09-15,0.205446,0.211814,0.208446,0.208446,7375328510.0
2020-09-16,0.208361,0.210255,0.207841,0.207841,10926435654.0
2020-09-17,0.20773,0.210251,0.207028,0.207028,11869436482.0
2020-09-18,0.207028,0.207415,0.206416,0.206416,10884599307.0
2020-09-19,0.205835,0.20711,0.205646,0.205646,10824116386.0
2020-09-20,0.205676,0.206559,0.204278,0.204278,10732582383.0
2020-09-21,0.204255,0.205639,0.193539,0.193539,5794681254.0
2020-09-22,0.193159,0.196336,0.195226,0.195226,2680485285.0
2020-09-23,0.194636,0.194851,0.188915,0.188915,5880986236.0
2020-09-24,0.188681,0.195568,0.194302,0.194302,8273668205.0
2020-09-25,0.194291,0.200689,0.198877,0.198877,9181167721.0
2020-09-26,0.198894,0.202866,0.200177,0.200177,7972833708.0
2020-09-27,0.198756,0.201489,0.198404,0.198404,5622772187.0
2020-09-28,0.19967,0.201923,0.195626,0.195626,7572893356.0
2020-09-29,0.196367,0.199819,0.197986,0.197986,8070332198.0
2020-09-30,0.197799,0.197964,0.193408,0.193408,7845084798.0
2020-10-01,0.193436,0.196307,0.191622,0.191622,8511788636.0
2020-10-02,0.191518,0.192646,0.189422,0.189422,9402879586.0
2020-10-03,0.189396,0.193542,0.190553,0.190553,8508822190.0
2020-10-04,0.191073,0.196636,0.193197,0.193197,6772411333.0
2020-10-05,0.193018,0.195156,0.191007,0.191007,9350155962.0
2020-10-06,0.19101,0.192215,0.192252,0.192252,7779247567.0
2020-10-07,0.190856,0.191793,0.190326,0.190326,9205693274.0
2020-10-08,0.189531,0.192918,0.190208,0.190208,8013833439.0
2020-10-09,0.191724,0.19457,0.193532,0.193532,7299879207.0
2020-10-10,0.193675,0.198133,0.193678,0.193678,7050417773.0
2020-10-11,0.194595,0.197441,0.195215,0.195215,7858790274.0
2020-10-12,0.195251,0.198581,0.196078,0.196078,7426558296.0
2020-10-13,0.195601,0.196274,0.193465,0.193465,5650522300.0
2020-10-14,0.193351,0.194793,0.193288,0.193288,6398219830.0
2020-10-15,0.19423,0.194272,0.190227,0.190227,6148106641.0
2020-10-16,0.190384,0.19202,0.191842,0.191842,8657803095.0
2020-10-17,0.191193,0.19185,0.189568,0.189568,9231416034.0
2020-10-18,0.189558,0.191033,0.189962,0.189962,5309917264.0
2020-10-19,0.190576,0.192067,0.190081,0.190081,6682792001.0
2020-10-20,0.190135,0.192735,0.191119,0.191119,4818674398.0
2020-10-21,0.191074,0.195714,0.193922,0.193922,3318922799.0
2020-10-22,0.193644,0.198179,0.195747,0.195747,3315987916.0
2020-10-23,0.19528,0.198432,0.195432,0.195432,3459578974.0
2020-10-24,0.195424,0.195894,0.195328,0.195328,3307593757.0
2020-10-25,0.195326,0.197606,0.195898,0.195898,4321803628.0
2020-10-26,0.195895,0.213462,0.198074,0.198074,9033007632.0
2020-10-27,0.198087,0.200334,0.197551,0.197551,5825232835.0
2020-10-28,0.197547,0.199101,0.192526,0.192526,5404755812.0
2020-10-29,0.192526,0.194327,0.191698,0.191698,4377431669.0
2020-10-30,0.191699,0.193762,0.193874,0.193874,4733808748.0
2020-10-31,0.193874,0.194238,0.192201,0.192201,4192501772.0
2020-11-01,0.192201,0.193332,0.19269,0.19269,3398055833.0
2020-11-02,0.192687,0.192886,0.187426,0.187426,3733616352.0
2020-11-03,0.187426,0.188919,0.188717,0.188717,4694113948.0
2020-11-04,0.188721,0.190191,0.187946,0.187946,3898920606.0
2020-11-05,0.187948,0.195637,0.194007,0.194007,2343631579.0
2020-11-06,0.193981,0.207397,0.20418,0.20418,4014775462.0
2020-11-07,0.20418,0.208564,0.19758,0.19758,3300315274.0
2020-11-08,0.19758,0.202836,0.200528,0.200528,1683334706.0
2020-11-09,0.200527,0.20639,0.197431,0.197431,2080003680.0
2020-11-10,0.197463,0.212294,0.204538,0.204538,2944162172.0
2020-11-11,0.204536,0.211366,0.206409,0.206409,2470287565.0
2020-11-12,0.206401,0.208367,0.208113,0.208113,1799416403.0
2020-11-13,0.208106,0.21156,0.210305,0.210305,2177829746.0
2020-11-14,0.210305,0.210305,0.206694,0.206694,2261060994.0
2020-11-15,0.206694,0.209708,0.206873,0.206873,1873262886.0
2020-11-16,0.206873,0.223988,0.214756,0.214756,3874463784.0
2020-11-17,0.2164,0.221485,0.218885,0.218885,3476611424.0
2020-11-18,0.218868,0.223266,0.215966,0.215966,3671927551.0
2020-11-19,0.215972,0.219532,0.215717,0.215717,2988625701.0
2020-11-20,0.215722,0.223151,0.221327,0.221327,4275956210.0
2020-11-21,0.221327,0.263198,0.260058,0.260058,12061939015.0
2020-11-22,0.260058,0.271463,0.246872,0.246872,9021263112.0
2020-11-23,0.246872,0.270841,0.270841,0.270841,7540323578.0
2020-11-24,0.270593,0.310997,0.310908,0.310908,19726664723.0
2020-11-25,0.310629,0.314801,0.274996,0.274996,12873476548.0
2020-11-26,0.275016,0.279919,0.239946,0.239946,12959286413.0
2020-11-27,0.239979,0.247664,0.242157,0.242157,6826036578.0
2020-11-28,0.242148,0.256621,0.251833,0.251833,4292310919.0
2020-11-29,0.251829,0.261095,0.254961,0.254961,3425333174.0
2020-11-30,0.254941,0.265046,0.262768,0.262768,5078119856.0
2020-12-01,0.262803,0.263088,0.245667,0.245667,5905653208.0
2020-12-02,0.24568,0.253348,0.248565,0.248565,4324426297.0
2020-12-03,0.248625,0.258616,0.253435,0.253435,3542210200.0
2020-12-04,0.253507,0.254209,0.243396,0.243396,3325526631.0
2020-12-05,0.243324,0.251969,0.250684,0.250684,3201866879.0
2020-12-06,0.250677,0.254028,0.250074,0.250074,3021241000.0
2020-12-07,0.250059,0.251294,0.246698,0.246698,2725351929.0
2020-12-08,0.246752,0.247991,0.2344,0.2344,3885551233.0
2020-12-09,0.234366,0.234361,0.233124,0.233124,3376910800.0
2020-12-10,0.233131,0.233256,0.229096,0.229096,2489833394.0
2020-12-11,0.229107,0.22947,0.227025,0.227025,3075841454.0
2020-12-12,0.227042,0.234781,0.233241,0.233241,2615213951.0
2020-12-13,0.233277,0.241429,0.240089,0.240089,2762637513.0
2020-12-14,0.240086,0.241514,0.237955,0.237955,2669044752.0
2020-12-15,0.237927,0.239341,0.235707,0.235707,2729848248.0
2020-12-16,0.235686,0.25187,0.251459,0.251459,3753153738.0
2020-12-17,0.251449,0.302449,0.274252,0.274252,12701333305.0
2020-12-18,0.274291,0.291833,0.283992,0.283992,7493160839.0
2020-12-19,0.284013,0.295785,0.289037,0.289037,7246411372.0
2020-12-20,0.288986,0.34425,0.340359,0.340359,37391864434.0
2020-12-21,0.340517,0.399056,0.353963,0.353963,49104966691.0
2020-12-22,0.353743,0.358046,0.334126,0.334126,17736443697.0
2020-12-23,0.334126,0.349928,0.278204,0.278204,15143177962.0
2020-12-24,0.278216,0.336697,0.336195,0.336195,10548649707.0
2020-12-25,0.336156,0.33934,0.337048,0.337048,10064343252.0
2020-12-26,0.336971,0.341299,0.33055,0.33055,11161005012.0
2020-12-27,0.330534,0.354831,0.335281,0.335281,11392493354.0
2020-12-28,0.335282,0.346887,0.337702,0.337702,7328150835.0
2020-12-29,0.337729,0.338892,0.329478,0.329478,6673792517.0
2020-12-30,0.329488,0.344291,0.339271,0.339271,6940903819.0
2020-12-31,0.339271,0.346471,0.342073,0.342073,6246286219.0
2021-01-01,0.341977,0.415527,0.415527,0.415527,16735312285.0
2021-01-02,0.415633,1.001229,0.775838,0.775838,250089714763.0
2021-01-03,0.774955,1.013537,0.714098,0.714098,197846810618.0
2021-01-04,0.71512,0.832898,0.713881,0.713881,100308294123.0
2021-01-05,0.713859,0.746872,0.725858,0.725858,50285324387.0
2021-01-06,0.726046,0.793635,0.765446,0.765446,54850660394.0
2021-01-07,0.764614,0.77044,0.715538,0.715538,38239008119.0
2021-01-08,0.715609,0.754742,0.722521,0.722521,28945396889.0
2021-01-09,0.72152,0.787689,0.748031,0.748031,35650334525.0
2021-01-10,0.747957,0.797421,0.723264,0.723264,33640013561.0
2021-01-11,0.723145,0.723145,0.649504,0.649504,46901793647.0
2021-01-12,0.649185,0.67048,0.589769,0.589769,24380264379.0
2021-01-13,0.589718,0.632637,0.630459,0.630459,17566594121.0
2021-01-14,0.630626,0.733406,0.686812,0.686812,31309711503.0
2021-01-15,0.68623,0.716052,0.685452,0.685452,29188945499.0
2021-01-16,0.685278,0.697033,0.677528,0.677528,18913776548.0
2021-01-17,0.677408,0.68499,0.663181,0.663181,18614827787.0
2021-01-18,0.663408,0.681095,0.671228,0.671228,15005715235.0
2021-01-19,0.671326,0.703701,0.665918,0.665918,18242628261.0
2021-01-20,0.66576,0.66992,0.660563,0.660563,16054991407.0
2021-01-21,0.660703,0.662688,0.595775,0.595775,15715986649.0
2021-01-22,0.595651,0.64039,0.62221,0.62221,13540658955.0
2021-01-23,0.621929,0.642978,0.626271,0.626271,11270650154.0
2021-01-24,0.626214,0.653415,0.637041,0.637041,11839343833.0
2021-01-25,0.637025,0.647529,0.611707,0.611707,13194598186.0
2021-01-26,0.611639,0.617003,0.601925,0.601925,11752814258.0
2021-01-27,0.601984,0.602277,0.546444,0.546444,14958253350.0
2021-01-28,0.546379,2.492808,2.486022,2.486022,800254037333.0
2021-01-29,3.189896,5.692129,3.43842,3.43842,1852085504524.0
2021-01-30,3.412246,3.638171,2.054217,2.054217,636883308236.0
2021-01-31,2.055281,3.301842,2.711994,2.711994,623311735696.0
2021-02-01,2.701596,3.162142,2.550038,2.550038,462061976756.0
2021-02-02,2.552645,2.549279,2.298398,2.298398,225382476997.0
2021-02-03,2.296423,2.847433,2.704501,2.704501,229274491181.0
2021-02-04,2.712202,4.220138,3.889393,3.889393,951803033090.0
2021-02-05,3.871431,3.921549,3.416299,3.416299,446640659130.0
2021-02-06,3.416031,4.24413,4.192222,4.192222,432806603404.0
2021-02-07,4.185444,6.140783,5.734924,5.734924,1038131903423.0
2021-02-08,5.70367,6.189522,5.748727,5.748727,936742223565.0
2021-02-09,5.744898,6.056642,5.104978,5.104978,535406021988.0
2021-02-10,5.107964,5.904424,5.307402,5.307402,494005650988.0
2021-02-11,5.303616,5.41256,5.066114,5.066114,277646305839.0
2021-02-12,5.064246,5.270867,5.086341,5.086341,304217331547.0
2021-02-13,5.083152,5.200869,4.823641,4.823641,190046981500.0
2021-02-14,4.823561,4.823561,4.539874,4.539874,289267133768.0
2021-02-15,4.54215,4.642047,4.110701,4.110701,359185438646.0
2021-02-16,4.103193,4.332817,3.903513,3.903513,248671181051.0
2021-02-17,3.903659,4.008138,3.594242,3.594242,216645317734.0
2021-02-18,3.593346,4.48599,4.323034,4.323034,330496799292.0
2021-02-19,4.315245,4.319795,4.000434,4.000434,213972171844.0
2021-02-20,3.999905,4.373808,3.946707,3.946707,230445340703.0
2021-02-21,3.945564,4.239225,4.062029,4.062029,177799055081.0
2021-02-22,4.066696,4.381796,3.892825,3.892825,243949007209.0
2021-02-23,3.89089,3.89595,3.430348,3.430348,173308360692.0
2021-02-24,3.431967,4.336059,4.094377,4.094377,300335021445.0
2021-02-25,4.098662,4.183721,3.669811,3.669811,172416534663.0
2021-02-26,3.667672,3.881448,3.715136,3.715136,124696107527.0
2021-02-27,3.71661,3.821093,3.685921,3.685921,94661862676.0
2021-02-28,3.686976,3.689677,3.541098,3.541098,103768325592.0
2021-03-01,3.542467,3.773099,3.709454,3.709454,109558401317.0
2021-03-02,3.709267,3.846286,3.683102,3.683102,98652539121.0
2021-03-03,3.684259,3.799934,3.693224,3.693224,79853110353.0
2021-03-04,3.692867,3.730047,3.660217,3.660217,85611322195.0
2021-03-05,3.658715,3.716099,3.630395,3.630395,85849508375.0
2021-03-06,3.629827,3.834425,3.731076,3.731076,108343033319.0
2021-03-07,3.730765,3.81584,3.814438,3.814438,69191528611.0
2021-03-08,3.814495,4.542781,4.542781,4.542781,260628167020.0
2021-03-09,4.554136,4.566136,4.220882,4.220882,179477379338.0
2021-03-10,4.218415,4.268912,4.071832,4.071832,111566830930.0
2021-03-11,4.069883,4.12049,4.061831,4.061831,89592046943.0
2021-03-12,4.062054,4.144392,4.023272,4.023272,93606833437.0
2021-03-13,4.023533,4.538134,4.538134,4.538134,135916763896.0
2021-03-14,4.534616,4.583235,4.259066,4.259066,200053498846.0
2021-03-15,4.254624,4.341126,4.139745,4.139745,126083575497.0
2021-03-16,4.139606,4.27289,4.249959,4.249959,101070407235.0
2021-03-17,4.250114,4.268731,4.18389,4.18389,62550057823.0
2021-03-18,4.18293,4.256563,4.17002,4.17002,66113752521.0
2021-03-19,4.169613,4.330008,4.225426,4.225426,69888309022.0
2021-03-20,4.224436,4.39284,4.271229,4.271229,73379050804.0
2021-03-21,4.271934,4.311836,4.144476,4.144476,55004028581.0
2021-03-22,4.146244,4.175365,3.978162,3.978162,50443488403.0
2021-03-23,3.976698,4.060003,3.888802,3.888802,75573714711.0
2021-03-24,3.886785,4.102115,3.755918,3.755918,67890307219.0
2021-03-25,3.755685,3.804295,3.735831,3.735831,78728091631.0
2021-03-26,3.73474,3.914222,3.908651,3.908651,56239465066.0
2021-03-27,3.907835,4.016089,3.939478,3.939478,54614037129.0
2021-03-28,3.93975,3.96664,3.890313,3.890313,33360090983.0
2021-03-29,3.88884,3.972098,3.931832,3.931832,39129391526.0
2021-03-30,3.931838,4.069004,3.958744,3.958744,53534912448.0
2021-03-31,3.958888,4.000052,3.927914,3.927914,47830541107.0
2021-04-01,3.927721,5.148117,4.542806,4.542806,426243781552.0
2021-04-02,4.541466,4.562042,4.231146,4.231146,159000622000.0
2021-04-03,4.230757,4.364677,4.094653,4.094653,83423649137.0
2021-04-04,4.092623,4.263641,4.212069,4.212069,68829505310.0
2021-04-05,4.212598,4.408033,4.374503,4.374503,110933281802.0
2021-04-06,4.374025,4.779321,4.736458,4.736458,191683689273.0
2021-04-07,4.736178,4.946284,4.391816,4.391816,212570041283.0
2021-04-08,4.392347,4.589478,4.581807,4.581807,78663898007.0
2021-04-09,4.58171,4.779994,4.609608,4.609608,79248291245.0
2021-04-10,4.602694,4.862538,4.771112,4.771112,102364228769.0
2021-04-11,4.763969,5.921808,5.578495,5.578495,496700731306.0
2021-04-12,5.570686,5.603791,5.306897,5.306897,201555540531.0
2021-04-13,5.300213,7.15545,7.025336,7.025336,539565532210.0
2021-04-14,7.086303,10.710744,9.117004,9.117004,1573878753353.0
2021-04-15,9.090719,13.997205,13.615935,13.615935,1338867062807.0
2021-04-16,13.569594,32.604481,27.280514,27.280514,5175496348217.0
2021-04-17,27.297527,27.920614,21.186237,21.186237,2341991785483.0
2021-04-18,21.255684,26.083038,23.895748,23.895748,1749583010828.0
2021-04-19,23.895069,32.328896,30.499327,30.499327,2294383176155.0
2021-04-20,30.582966,31.563021,24.106075,24.106075,2122441952017.0
2021-04-21,23.913918,26.213076,23.151365,23.151365,959732890396.0
2021-04-22,23.0809,23.289553,19.596518,19.596518,892077916017.0
2021-04-23,19.60067,20.153051,18.605471,18.605471,1210288457252.0
2021-04-24,18.682949,21.666416,20.230602,20.230602,827873167076.0
2021-04-25,20.198944,21.620081,18.800257,18.800257,512841884703.0
2021-04-26,18.809935,20.988417,20.250553,20.250553,382970288964.0
2021-04-27,20.306822,20.861204,20.29851,20.29851,267770732533.0
2021-04-28,20.304798,25.627539,24.053448,24.053448,1074875152959.0
2021-04-29,24.020063,24.032019,22.614897,22.614897,372557384175.0
2021-04-30,22.580284,25.174433,25.011761,25.011761,391994186152.0
2021-05-01,25.011581,29.425953,29.118603,29.118603,750094253804.0
2021-05-02,28.977802,29.640333,27.863157,27.863157,595754424959.0
2021-05-03,27.684244,32.899616,32.614586,32.614586,777263096726.0
2021-05-04,32.508793,44.72654,39.93919,39.93919,2821176408995.0
2021-05-05,39.645603,51.381962,48.532417,48.532417,3138294674995.0
2021-05-06,48.178886,48.974739,42.756138,42.756138,1397950055372.0
2021-05-07,42.778652,53.646561,50.187649,50.187649,2097213788757.0
2021-05-08,50.409313,54.056625,46.648445,46.648445,1873088451882.0
2021-05-09,46.603085,51.133114,41.780777,41.780777,3381483942828.0
2021-05-10,41.752678,41.752678,33.072441,33.072441,1213821516052.0
2021-05-11,33.110958,40.095493,36.337738,36.337738,1068856924006.0
2021-05-12,36.228504,38.192429,28.395218,28.395218,635236088475.0
2021-05-13,28.896252,38.151993,36.015686,36.015686,1370723351638.0
2021-05-14,35.773029,43.211235,41.007305,41.007305,1499743031143.0
2021-05-15,41.011997,41.232376,37.223736,37.223736,720838661742.0
2021-05-16,37.219177,40.167599,37.731087,37.731087,699196863083.0
2021-05-17,37.622475,37.698681,35.747795,35.747795,537129584469.0
2021-05-18,35.679058,37.639439,34.817551,34.817551,351228821059.0
2021-05-19,34.840977,50.155567,24.392416,24.392416,1103667829062.0
2021-05-20,24.182173,31.657465,29.223003,29.223003,906605368543.0
2021-05-21,29.07185,30.083351,26.204475,26.204475,543428428648.0
2021-05-22,26.15597,26.287241,24.964134,24.964134,382311655092.0
2021-05-23,24.975113,25.583303,22.461445,22.461445,520836257320.0
2021-05-24,22.362631,27.056431,26.670103,26.670103,496826604850.0
2021-05-25,26.661293,27.678822,25.212566,25.212566,403672027147.0
2021-05-26,25.219425,26.595024,25.70385,25.70385,243874731338.0
2021-05-27,25.687122,25.687122,24.199747,24.199747,180687855401.0
2021-05-28,24.251034,25.226257,22.529272,22.529272,238135864736.0
2021-05-29,22.543261,23.015297,21.943233,21.943233,178863891880.0
2021-05-30,21.933079,22.465527,21.879101,21.879101,139716179745.0
2021-05-31,21.859192,23.859911,23.61717,23.61717,176929503405.0
2021-06-01,23.612383,27.909252,26.962021,26.962021,422271322824.0
2021-06-02,26.978441,32.505089,30.88995,30.88995,833627593962.0
2021-06-03,30.916636,32.2071,29.214991,29.214991,497424067505.0
2021-06-04,29.289427,29.289427,27.43762,27.43762,429437780504.0
2021-06-05,27.468943,28.718155,27.135399,27.135399,252562566864.0
2021-06-06,27.098871,27.472301,27.108435,27.108435,133907242481.0
2021-06-07,27.090883,27.682293,24.103628,24.103628,221630738735.0
2021-06-08,24.159824,24.860565,23.913103,23.913103,285953776888.0
2021-06-09,23.820929,25.821356,25.058193,25.058193,230220701643.0
2021-06-10,25.058805,25.145603,23.827698,23.827698,154349303001.0
2021-06-11,23.828669,24.398996,23.387247,23.387247,134339824857.0
2021-06-12,23.353132,23.385241,22.854445,22.854445,117583452676.0
2021-06-13,22.883812,24.168381,23.755077,23.755077,108738421422.0
2021-06-14,23.719999,24.660002,24.302313,24.302313,118100456728.0
2021-06-15,23.914484,24.185972,24.085665,24.085665,123806608411.0
2021-06-16,23.498638,23.572327,22.72027,22.72027,102742886717.0
2021-06-17,22.719379,23.130491,22.75857,22.75857,83221546069.0
2021-06-18,22.753538,22.851858,21.759233,21.759233,136885844952.0
2021-06-19,21.772324,22.080347,21.305737,21.305737,74384939141.0
2021-06-20,21.234455,21.481518,20.82711,20.82711,145582296686.0
2021-06-21,20.809275,20.826296,13.24735,13.24735,418141127207.0
2021-06-22,13.246691,16.025202,14.199776,14.199776,445463242596.0
2021-06-23,14.173074,18.31595,17.238218,17.238218,378562013170.0
2021-06-24,17.445831,19.934053,19.495962,19.495962,285236561746.0
2021-06-25,19.547745,21.443235,17.741285,17.741285,411139008127.0
2021-06-26,17.631519,18.926279,18.159012,18.159012,196546943071.0
2021-06-27,18.2526,19.808805,19.627584,19.627584,160874516134.0
2021-06-28,19.662365,19.815542,19.080767,19.080767,143593773998.0
2021-06-29,19.095913,20.42741,19.520531,19.520531,162880749847.0
2021-06-30,19.568708,19.577654,18.906366,18.906366,152295165300.0
2021-07-01,18.877558,19.36488,18.232998,18.232998,183705694751.0
2021-07-02,18.190701,18.479397,18.267752,18.267752,98425860411.0
2021-07-03,18.255964,18.636438,18.353416,18.353416,68302043388.0
2021-07-04,18.354445,18.811909,18.358559,18.358559,72509129711.0
2021-07-05,18.353798,18.353798,17.213131,17.213131,94231511419.0
2021-07-06,17.183533,17.964825,17.525192,17.525192,94639228434.0
2021-07-07,17.516165,17.760702,16.769623,16.769623,85963448657.0
2021-07-08,16.788847,16.829752,15.511995,15.511995,133724672661.0
2021-07-09,15.472839,17.104626,16.377844,16.377844,226882896548.0
2021-07-10,16.376448,16.960093,15.935029,15.935029,94194849544.0
2021-07-11,15.932588,16.294458,16.080568,16.080568,53628047292.0
2021-07-12,16.092075,16.304359,15.508278,15.508278,72574244392.0
2021-07-13,15.505413,15.509378,14.93212,14.93212,77338915709.0
2021-07-14,14.93025,15.229211,14.694581,14.694581,98237822597.0
2021-07-15,14.726271,14.966327,13.781479,13.781479,77860957866.0
2021-07-16,13.807574,14.036858,12.862472,12.862472,85433503340.0
2021-07-17,12.845487,15.294686,13.890664,13.890664,178600970267.0
2021-07-18,13.944119,14.611839,13.593952,13.593952,106261440268.0
2021-07-19,13.562969,13.728584,13.015555,13.015555,81354261175.0
2021-07-20,13.031076,13.342216,12.72929,12.72929,134855491008.0
2021-07-21,12.708897,15.952758,14.169647,14.169647,330045756526.0
2021-07-22,14.179382,14.620459,14.243155,14.243155,121317587320.0
2021-07-23,14.247321,14.850395,14.500023,14.500023,107746957093.0
2021-07-24,14.504392,15.213963,14.689127,14.689127,126246335161.0
2021-07-25,14.678211,14.922265,14.730785,14.730785,93516847043.0
2021-07-26,14.743135,17.332859,15.186235,15.186235,361287861922.0
2021-07-27,15.142907,15.582747,15.339993,15.339993,166133502299.0
2021-07-28,15.355795,15.899537,15.279133,15.279133,154486800413.0
2021-07-29,15.293957,15.321212,15.193404,15.193404,86824849870.0
2021-07-30,15.2234,15.649207,15.531923,15.531923,113352678819.0
2021-07-31,15.518362,15.942817,15.494258,15.494258,100353512804.0
2021-08-01,15.452559,16.185789,15.205907,15.205907,127299833121.0
2021-08-02,15.194152,15.613916,15.134011,15.134011,87821216455.0
2021-08-03,15.121439,15.246989,14.543589,14.543589,83241447762.0
2021-08-04,14.569215,15.069583,14.948543,14.948543,81260304427.0
2021-08-05,14.954829,15.028709,14.886737,14.886737,84384137149.0
2021-08-06,14.88567,15.715128,15.196453,15.196453,98933420152.0
2021-08-07,15.208181,19.442444,19.32007,19.32007,470721883246.0
2021-08-08,19.43988,20.881275,17.881346,17.881346,520307956762.0
2021-08-09,17.887074,19.829624,19.130199,19.130199,343134222572.0
2021-08-10,19.090693,19.560949,19.154169,19.154169,254898936339.0
2021-08-11,19.161524,20.938049,19.65609,19.65609,350648398784.0
2021-08-12,19.625717,21.822386,19.598873,19.598873,390970182309.0
2021-08-13,19.623222,21.314198,21.28603,21.28603,264590440856.0
2021-08-14,21.285545,22.150482,21.75395,21.75395,347155954628.0
2021-08-15,21.826193,25.881124,25.340754,25.340754,597163076773.0
2021-08-16,25.246071,26.028427,23.778379,23.778379,495364960624.0
2021-08-17,23.698025,25.198271,22.26792,22.26792,423856744377.0
2021-08-18,22.250175,24.088205,22.558697,22.558697,471466007700.0
2021-08-19,22.531748,23.736296,23.604862,23.604862,279892009255.0
2021-08-20,23.636658,24.778177,24.333132,24.333132,260969198002.0
2021-08-21,24.326023,24.48847,23.538891,23.538891,193216492219.0
2021-08-22,23.560266,23.891361,23.402296,23.402296,166275146000.0
2021-08-23,23.399584,24.360971,23.559383,23.559383,210211642795.0
2021-08-24,23.59433,23.69595,21.40856,21.40856,233094906516.0
2021-08-25,21.444092,22.044621,21.654659,21.654659,186645275761.0
2021-08-26,21.696789,21.93379,19.941317,19.941317,178737950065.0
2021-08-27,19.934666,21.670139,21.639854,21.639854,175080433186.0
2021-08-28,21.654455,21.988047,20.992817,20.992817,112803425016.0
2021-08-29,21.010002,21.436316,20.661835,20.661835,108306676710.0
2021-08-30,20.669748,21.262323,19.977053,19.977053,128395682720.0
2021-08-31,19.958975,20.854719,20.326241,20.326241,127450254921.0
2021-09-01,20.297668,21.522602,21.48695,21.48695,141431711536.0
2021-09-02,21.486347,22.568649,21.62089,21.62089,217780684339.0
2021-09-03,21.533094,22.227539,21.626369,21.626369,174022671291.0
2021-09-04,21.611383,22.535688,21.853714,21.853714,165200998826.0
2021-09-05,21.849083,22.99399,22.958853,22.958853,174678886410.0
2021-09-06,22.943331,23.369019,22.573908,22.573908,190952707808.0
2021-09-07,22.587469,22.736183,18.622402,18.622402,414901364765.0
2021-09-08,18.660715,19.425453,18.978083,18.978083,238143861347.0
2021-09-09,18.479746,19.158558,18.573835,18.573835,129650237020.0
2021-09-10,18.573027,19.230358,17.644909,17.644909,135348006583.0
2021-09-11,17.633493,18.235785,17.751549,17.751549,87962044552.0
2021-09-12,17.743979,18.7339,18.426466,18.426466,104352572322.0
2021-09-13,18.427002,18.530479,17.348991,17.348991,129368821067.0
2021-09-14,17.360525,17.794964,17.726753,17.726753,71283520422.0
2021-09-15,17.718014,18.246761,18.200809,18.200809,72024421537.0
2021-09-16,18.189413,18.203487,17.843576,17.843576,83867838584.0
2021-09-17,17.809973,19.060385,17.682535,17.682535,165583996629.0
2021-09-18,17.682377,18.227793,17.78986,17.78986,73636217726.0
2021-09-19,17.782104,17.782429,17.181734,17.181734,65793440313.0
2021-09-20,17.1831,17.215958,15.252687,15.252687,165291633639.0
2021-09-21,15.378027,16.068335,14.83488,14.83488,130393696671.0
2021-09-22,14.819763,16.947687,16.611448,16.611448,148967094662.0
2021-09-23,16.603327,16.740423,16.601652,16.601652,86362063050.0
2021-09-24,16.593822,16.855299,15.46023,15.46023,139001531461.0
2021-09-25,15.452651,15.692975,15.400381,15.400381,78768341470.0
2021-09-26,15.406994,15.431976,15.128866,15.128866,84687400079.0
2021-09-27,15.149457,15.426801,14.784425,14.784425,61887751878.0
2021-09-28,14.765159,15.00978,14.595647,14.595647,64247970158.0
2021-09-29,14.608764,15.152468,14.780953,14.780953,68877471664.0
2021-09-30,14.780416,15.276755,15.16605,15.16605,68078132781.0
2021-10-01,15.179654,16.65464,16.536707,16.536707,106443275632.0
2021-10-02,16.516783,16.680902,16.24922,16.24922,86465896649.0
2021-10-03,16.225344,16.775347,16.44315,16.44315,79362892476.0
2021-10-04,16.456602,18.488415,17.961069,17.961069,274730875788.0
2021-10-05,17.989977,19.951418,18.791149,18.791149,345104224930.0
2021-10-06,18.790558,20.281366,19.075756,19.075756,348396761330.0
2021-10-07,19.016439,19.188183,18.17803,18.17803,219710618563.0
2021-10-08,18.185488,19.093653,18.363464,18.363464,147006133287.0
2021-10-09,18.33666,18.930553,18.527088,18.527088,111569509353.0
2021-10-10,18.52532,18.682453,17.305708,17.305708,110403254843.0
2021-10-11,17.278967,18.028837,17.456022,17.456022,110360471409.0
2021-10-12,17.457617,17.4722,17.077688,17.077688,141993386259.0
2021-10-13,17.07262,17.617443,17.514194,17.514194,109758322120.0
2021-10-14,17.513365,18.064573,17.41934,17.41934,100277492570.0
2021-10-15,17.447178,18.265553,17.519194,17.519194,137721781029.0
2021-10-16,17.526615,18.318451,17.78224,17.78224,115543601594.0
2021-10-17,17.774794,18.152775,17.843786,17.843786,104794326494.0
2021-10-18,17.836903,20.446442,18.604366,18.604366,376431938377.0
2021-10-19,18.611704,19.100271,18.463696,18.463696,125899276516.0
2021-10-20,18.442221,19.567236,19.008047,19.008047,138622588315.0
2021-10-21,19.060415,19.326296,18.14703,18.14703,130460618959.0
2021-10-22,18.153618,18.949871,18.315065,18.315065,137229374504.0
2021-10-23,18.337072,18.983965,18.87981,18.87981,112700598650.0
2021-10-24,18.857243,21.143438,20.77693,20.77693,395875162134.0
2021-10-25,20.679224,20.958717,19.876938,19.876938,252646041101.0
2021-10-26,19.882631,20.583549,19.151552,19.151552,188225454835.0
2021-10-27,19.159386,19.736912,17.835743,17.835743,376902329557.0
2021-10-28,17.812557,25.341669,22.47266,22.47266,1522847454170.0
2021-10-29,22.436581,22.911274,21.568382,21.568382,439580629075.0
2021-10-30,21.561714,22.077473,20.106699,20.106699,272540187283.0
2021-10-31,20.173651,21.33246,20.998062,20.998062,316502281686.0
2021-11-01,20.988939,21.395987,20.333431,20.333431,208398696742.0
2021-11-02,20.345715,20.982805,20.405588,20.405588,174559464653.0
2021-11-03,20.43421,20.651297,20.053495,20.053495,155673503008.0
2021-11-04,20.031536,20.162031,19.608681,19.608681,141729135553.0
2021-11-05,19.636572,20.128674,19.398415,19.398415,115730669947.0
2021-11-06,19.383469,19.860762,19.430523,19.430523,100419684792.0
2021-11-07,19.435925,20.020384,19.758568,19.758568,85757237860.0
2021-11-08,19.789223,21.944967,20.871593,20.871593,302577664612.0
2021-11-09,20.884941,21.394993,20.288815,20.288815,174567213801.0
2021-11-10,20.294075,20.573662,19.026031,19.026031,209861320470.0
2021-11-11,19.025759,20.062191,19.410679,19.410679,121055837876.0
2021-11-12,19.393612,19.962967,19.286747,19.286747,116205311578.0
2021-11-13,19.301893,19.500244,19.45969,19.45969,68693861199.0
2021-11-14,19.451101,20.169853,19.547085,19.547085,94017933023.0
2021-11-15,19.544001,19.714653,19.093641,19.093641,76549742125.0
2021-11-16,19.135717,19.135717,17.665312,17.665312,167443443958.0
2021-11-17,17.64747,17.893034,17.635773,17.635773,114613044493.0
2021-11-18,17.640879,17.90345,16.42127,16.42127,138016372950.0
2021-11-19,16.392504,17.598406,17.322598,17.322598,96316039787.0
2021-11-20,17.32736,17.533882,17.316208,17.316208,59842948072.0
2021-11-21,17.333366,17.340418,16.820772,16.820772,55873214697.0
2021-11-22,16.808289,16.91007,16.350471,16.350471,68606175509.0
2021-11-23,16.349752,17.580101,16.863228,16.863228,141991690103.0
2021-11-24,16.875671,17.141115,16.553713,16.553713,146090881260.0
2021-11-25,16.203487,17.049103,16.117826,16.117826,100199078592.0
2021-11-26,16.469587,16.52261,15.077189,15.077189,167498292791.0
2021-11-27,15.117815,15.732065,15.411898,15.411898,68882566345.0
2021-11-28,15.408029,15.570888,15.570888,15.570888,77118491797.0
2021-11-29,15.568732,16.793114,16.150009,16.150009,140333453083.0
2021-11-30,16.145206,16.988033,16.114573,16.114573,142419769726.0
2021-12-01,16.097481,16.393732,15.715326,15.715326,74120259735.0
2021-12-02,15.714522,16.726768,15.725526,15.725526,140912509735.0
2021-12-03,15.705751,15.930995,15.063121,15.063121,94972564339.0
2021-12-04,15.090469,15.106006,13.454682,13.454682,330136914036.0
2021-12-05,13.410254,13.6262,12.886361,12.886361,123805734999.0
2021-12-06,12.89599,13.609943,13.449887,13.449887,143016208066.0
2021-12-07,13.447925,13.837326,13.332697,13.332697,81825165659.0
2021-12-08,13.317852,13.757156,13.505027,13.505027,76492669372.0
2021-12-09,13.490731,13.711678,12.812862,12.812862,80969645095.0
2021-12-10,12.811489,13.203735,12.461948,12.461948,64078839969.0
2021-12-11,12.467774,12.878062,12.797678,12.797678,52466867970.0
2021-12-12,12.788954,13.091516,12.865724,12.865724,44917578539.0
2021-12-13,12.864883,12.918558,11.947697,11.947697,73435864516.0
2021-12-14,11.940089,16.666193,13.700489,13.700489,487576062201.0
2021-12-15,14.53598,14.53598,13.800572,13.800572,187948208459.0
2021-12-16,13.807366,14.070503,13.211637,13.211637,80584644070.0
2021-12-17,13.20603,13.456851,12.85362,12.85362,78084547895.0
2021-12-18,12.860492,13.292773,13.111277,13.111277,50117426835.0
2021-12-19,13.121365,13.261739,12.891731,12.891731,41129977265.0
2021-12-20,12.887701,12.992327,12.676134,12.676134,69109829589.0
2021-12-21,12.659179,13.023825,12.955685,12.955685,47031470213.0
2021-12-22,12.952216,13.566425,13.071518,13.071518,70373708785.0
2021-12-23,13.071154,13.845136,13.849251,13.849251,88916197182.0
2021-12-24,13.885956,14.662139,14.018171,14.018171,139220111447.0
2021-12-25,14.024929,14.638175,14.321308,14.321308,75899885079.0
2021-12-26,14.314554,14.517034,14.326541,14.326541,49057569544.0
2021-12-27,14.323977,14.461407,14.074255,14.074255,49995032674.0
2021-12-28,14.08486,14.087755,13.013302,13.013302,71306485835.0
2021-12-29,13.01165,13.255307,12.510356,12.510356,61418428718.0
2021-12-30,12.538106,13.075764,12.751444,12.751444,44603260327.0
2021-12-31,12.751687,12.997614,12.704702,12.704702,48019386583.0
2022-01-01,12.705768,12.9228,12.893913,12.893913,27670498575.0
2022-01-02,12.893277,13.113983,12.994863,12.994863,29136745566.0
2022-01-03,12.995087,12.995087,12.655166,12.655166,37640789933.0
2022-01-04,12.659862,12.851819,12.581721,12.581721,40392309478.0
2022-01-05,12.584116,12.697147,11.86585,11.86585,73991132635.0
2022-01-06,11.867022,12.033778,11.922816,11.922816,53234919833.0
2022-01-07,11.922175,11.928907,11.507495,11.507495,71958188650.0
2022-01-08,11.508056,11.708069,11.280299,11.280299,43385771053.0
2022-01-09,11.280714,11.413067,11.217451,11.217451,30354771645.0
2022-01-10,11.218039,11.275995,10.616701,10.616701,56555866981.0
2022-01-11,10.616061,12.166648,11.323267,11.323267,120204742187.0
2022-01-12,11.327597,11.929783,11.929783,11.929783,66124852297.0
2022-01-13,11.923161,12.922875,12.726422,12.726422,170271279558.0
2022-01-14,12.727147,15.067106,13.611275,13.611275,428920115277.0
2022-01-15,13.618344,14.356616,13.726509,13.726509,139286371102.0
2022-01-16,13.725785,13.725785,13.160747,13.160747,81913192492.0
2022-01-17,13.161614,13.212496,12.708515,12.708515,81263857463.0
2022-01-18,12.704139,12.904893,12.348492,12.348492,73104661308.0
2022-01-19,12.348485,12.596656,12.087601,12.087601,69612556274.0
2022-01-20,12.086921,12.560401,11.553796,11.553796,34933719597.0
2022-01-21,11.558227,11.699081,10.615348,10.615348,86555586550.0
2022-01-22,10.616146,10.792991,9.889896,9.889896,126032861418.0
2022-01-23,9.894938,10.647471,10.557158,10.557158,74881829206.0
2022-01-24,10.558485,10.56365,10.285933,10.285933,108001950285.0
2022-01-25,10.284862,11.006003,10.69521,10.69521,100752519908.0
2022-01-26,10.692625,11.422187,10.788775,10.788775,94023270735.0
2022-01-27,,,,,
2022-01-28,10.630827,10.697028,10.522367,10.522367,43247759360.0
